seed,mae,mse,r2,rmse,training_time,performance_score,rank
75,0.2409398411773755,0.24463420589031734,0.9776782266885936,0.49460510095460736,62.28450584411621,0.592897665006649,1
13,0.22950039423524124,0.2654096455536765,0.9754809312705363,0.5151792363378754,54.52023506164551,0.5854387996387839,2
68,0.23633689284475315,0.2601966223507239,0.9742141510683602,0.510094718999054,71.6929943561554,0.5839299924187522,3
63,0.24640169880569326,0.2666512977265052,0.9772737067689652,0.5163828983675827,53.06023645401001,0.5741043452452843,4
59,0.23831287346967067,0.2746571965991073,0.9746889286588136,0.5240774719438981,59.614686012268066,0.5730427134940405,5
73,0.24025258695117666,0.2747567802074602,0.9755489318217168,0.524172471813868,56.16477298736572,0.5720330423116796,6
9,0.23849531161386955,0.2766916090464234,0.9741705672733182,0.5260148372873368,49.52898645401001,0.5713487952777883,7
97,0.23450390296212947,0.2818348845426817,0.9738936631351618,0.5308812339334305,81.0725781917572,0.570442529453782,8
60,0.2376702389424473,0.289707303911899,0.973972714670923,0.5382446506115031,68.55179786682129,0.5631273007893484,9
88,0.2348502116919432,0.29479037214600345,0.973390679325974,0.5429460121835351,64.43946862220764,0.5613928303362226,10
66,0.24314190149064693,0.2888660902454013,0.9734754202760365,0.53746264079041,61.96233344078064,0.5598577866254512,11
16,0.24797208348221542,0.29017604144181997,0.97393763243318,0.5386799062911294,60.350499391555786,0.5559676729563623,12
50,0.2327634918473194,0.3058675073443359,0.974617394694229,0.5530528974197096,95.67856359481812,0.5559577723048087,13
11,0.22847035694236262,0.3087775977516022,0.9717849624139693,0.5556776023483421,78.26565384864807,0.5557610181211331,14
32,0.24269990742768738,0.30073947428989267,0.9731647268733103,0.5483971866174121,62.21345400810242,0.5521625504572495,15
17,0.24583409329541164,0.3000749290084801,0.9719754165807738,0.5477909537483072,51.55935478210449,0.5500461641853952,16
83,0.24664470062272942,0.3006788449006629,0.9732197485380922,0.5483419051109106,66.12043499946594,0.5496076314366822,17
20,0.25069554397518523,0.2964155894992308,0.9719340966099502,0.5444406207284967,45.768030643463135,0.5492227517892844,18
8,0.24430831392469918,0.30724131853860415,0.9721872806250061,0.5542935310272024,61.06199765205383,0.5464240630293175,19
43,0.2403940284284552,0.31239150071986543,0.9724422737115842,0.5589199412437039,61.19522738456726,0.5457446184422126,20
29,0.2426305609427954,0.31098702038735554,0.9719500826724019,0.5576621023409746,54.28469228744507,0.5449842083322386,21
56,0.24065940416997766,0.31568059323908443,0.9724995566451489,0.5618546015109999,62.085949182510376,0.5434397355330685,22
81,0.2511194119262603,0.3054539309559171,0.9728632625892685,0.552678867839107,68.5048360824585,0.5433510126616432,23
46,0.24774318866314252,0.3098010666491062,0.9736920890624943,0.5565977601905223,55.837148666381836,0.5430669686458562,24
10,0.25223557696483967,0.3095821062553679,0.9725079299702717,0.5564010300631802,55.62205147743225,0.5397567415425015,25
14,0.25453758677644006,0.31224817510504155,0.9740829944375953,0.5587917099465968,54.633143186569214,0.5371121062454127,26
49,0.24324093267097663,0.32648556738254497,0.970681506392497,0.5713891558146208,83.14885520935059,0.5339613211951791,27
96,0.2486129446093569,0.3214777915654517,0.9712834461934047,0.5669901159327663,77.61448359489441,0.5338949161067302,28
78,0.251749887081713,0.31827944398750446,0.9687451664778883,0.5641626042086665,74.53389191627502,0.5328835593552492,29
7,0.25162443452479477,0.3201590434067473,0.969769120073173,0.5658259833259226,65.24732542037964,0.5321505910372502,30
53,0.24913638917531133,0.3247425162011775,0.9694767940433734,0.5698618395726963,57.98724865913391,0.5307008731004855,31
1,0.24393807528033776,0.3319007202307588,0.9699492695515227,0.576108253916535,73.03593373298645,0.529695197598213,32
48,0.24707743103050692,0.3324551136328529,0.9704043133862745,0.5765892070034375,62.65923857688904,0.527435797835448,33
36,0.256235758496904,0.329102673734022,0.9702458052507208,0.5736747107325039,45.42541861534119,0.5234683351875775,34
95,0.26084965459590204,0.32518778900823586,0.9706355344431004,0.5702523906203602,50.90222191810608,0.5231045401945412,35
34,0.24552968721844765,0.3431584294409223,0.9696296017391718,0.5857972596734491,60.477030754089355,0.5212473441066513,36
86,0.26109013201511394,0.32887337023898927,0.9721902522564944,0.5734748209285123,66.68201804161072,0.5211744609344284,37
15,0.2529058048863111,0.34256664596371095,0.9707226513462259,0.5852919322557855,52.86264896392822,0.5171720587846462,38
80,0.2608519025428478,0.33603574691531785,0.9709781131580593,0.5796859036713915,51.21918845176697,0.5162128158256312,39
35,0.24360039583352908,0.35686554427952316,0.9691842398156016,0.5973822430232784,77.47141027450562,0.5135645385872474,40
93,0.2456086414699822,0.35458127119277255,0.9686021048749693,0.5954672713027749,60.88986372947693,0.5134589349158949,41
61,0.24707012217775812,0.35238928124110497,0.9674596316302578,0.5936238550135136,43.99957728385925,0.5134345961151843,42
24,0.24903549491841048,0.3512008671710621,0.9665657958817844,0.5926220272408562,74.8716390132904,0.5125341451085129,43
87,0.2613178100006378,0.3436835811259512,0.9698293141207419,0.5862453250354762,70.84949946403503,0.5105158296813859,44
28,0.24826759696408074,0.35707352401414977,0.9687905283101097,0.5975562935942937,56.25860595703125,0.5101780909375337,45
55,0.24548723516831591,0.36004113330087134,0.9682563420359566,0.6000342767716452,74.35090756416321,0.5099155635354047,46
69,0.2670877306136497,0.34220647613284644,0.9683442652456371,0.5849841674206632,44.90370988845825,0.5070443617780696,47
64,0.2620306509147941,0.34991964698409966,0.9691696291010793,0.5915400637185106,56.686824321746826,0.5057756957785932,48
18,0.24629640359263968,0.3667147459308861,0.9679610708341893,0.6055697696639802,73.83401346206665,0.5050134456968709,49
38,0.25899573831940803,0.3560141861192242,0.9674814838406781,0.5966692434835436,43.222768783569336,0.5032141100848248,50
23,0.25894835639627894,0.35931880116637904,0.9685833977316979,0.5994320655139989,35.42832159996033,0.5015770167095811,51
42,0.24129217850730475,0.3770385508805849,0.9655469355945264,0.6140346495765405,56.633413553237915,0.5008251156226405,52
3,0.2547178543746486,0.36704731569328747,0.9681718426498341,0.605844299876864,93.70658922195435,0.49929978746222703,53
21,0.26180161291536624,0.35996358440161924,0.9682639857346901,0.5999696529005607,50.79334855079651,0.49914530005334895,54
70,0.2520480851240494,0.37330284641068134,0.9666648504347346,0.610985144181658,96.06984400749207,0.49650050398278917,55
62,0.2600802818509437,0.36575521239352304,0.9673214934835017,0.604776993935387,60.43906593322754,0.49622333983802064,56
90,0.2714372590063085,0.3562838819225203,0.9683816500535353,0.5968952017921741,48.854666233062744,0.49514834415924747,57
79,0.25522064460041455,0.37401349542849854,0.9673215013798321,0.6115664276499312,60.82413721084595,0.49420857139069374,58
67,0.2668374922201133,0.3620525200995413,0.9674863699309003,0.6017080023562437,69.72855234146118,0.49416246928716134,59
45,0.26667312253733433,0.36254408003511246,0.9668009513578046,0.6021163343035235,41.20991611480713,0.4936843336115659,60
51,0.2589170080411667,0.37410228703191273,0.9675361725052802,0.611639016930667,59.46281576156616,0.4917861088931305,61
12,0.25527426454165353,0.3830411092448942,0.9664426954137975,0.6189031501332775,57.22512602806091,0.48811900375989076,62
22,0.2625764863345564,0.3786055812146485,0.9673501545153689,0.615309337825007,49.044267416000366,0.48643647570643533,63
30,0.26105106215071666,0.3808347727182318,0.9656355792020815,0.6171181189352909,64.80543661117554,0.4853552950909494,64
77,0.27714547320103283,0.3657853286264449,0.9659455871796135,0.6048018920493263,58.84760069847107,0.4843329937700185,65
98,0.2794539143307295,0.3653170710914035,0.9676707928687422,0.6044146516187405,48.40510177612305,0.48378936373064335,66
85,0.2574638896684656,0.3925599145694196,0.9658441132613934,0.6265460195144644,63.987146615982056,0.48044061750901945,67
71,0.268758428724415,0.3834916756469008,0.9655857031917388,0.6192670471185276,38.74641132354736,0.47854701236738784,68
89,0.26619742218235765,0.38618181113548494,0.9651456190914212,0.6214352831433736,42.99987506866455,0.47837574989986975,69
54,0.2617133612184784,0.39260177706244154,0.967138781010014,0.6265794259808102,59.75967836380005,0.4781131678912141,70
44,0.2598094512583583,0.39486999830633013,0.9644527184087693,0.6283868221934082,64.63997006416321,0.4768792009957533,71
4,0.26613171464513236,0.3887924504810997,0.9648292735503412,0.6235322369221176,75.87222504615784,0.4766507387442402,72
52,0.282895037437836,0.3729309871775769,0.967226662141246,0.6106807571698791,51.496092319488525,0.4764972453682456,73
99,0.2721085691564063,0.3861599136696389,0.9640336826829189,0.6214176644332208,40.950032234191895,0.4740233741122919,74
27,0.2605449814285056,0.39820202876692656,0.9635497591538599,0.6310325100713327,69.42194724082947,0.4739429679582973,75
94,0.25743405336565306,0.40325361952528416,0.9633563503635503,0.6350225346594278,70.59407258033752,0.47277111208252726,76
41,0.2565310500726823,0.4058911122344734,0.9637033850722959,0.6370958422674514,62.726401567459106,0.471862825704464,77
6,0.2532024568342367,0.4098083384425427,0.9637397472755346,0.6401627437164261,60.79141712188721,0.4716441667065844,78
26,0.2712142325267511,0.3951222695810815,0.9659669086865048,0.6285875194283462,44.621445417404175,0.4697609566708389,79
25,0.27658259667266194,0.38849721736607573,0.9631513736938747,0.623295449498932,36.635249614715576,0.46923218889258084,80
72,0.269165821755222,0.397558912667947,0.9638461091873862,0.6305227296996889,54.94852352142334,0.46874513565281517,81
40,0.2586163456860202,0.4099347911231014,0.9624346786379883,0.6402615021404156,64.46081614494324,0.46745189090520195,82
5,0.27434999792935144,0.3974250277301801,0.9649421103765364,0.6304165509646619,47.668949127197266,0.46582824289984703,83
33,0.2615497207162454,0.42692528902736837,0.9614928862229111,0.6533952012582954,71.19633388519287,0.45458791290802975,84
92,0.2769783879339004,0.41218338549593925,0.962454377246519,0.6420150975607499,52.83381700515747,0.4538791645194492,85
47,0.2664124540724162,0.4267065828705694,0.9618942162542199,0.6532278185063534,62.32344341278076,0.4516577817753565,86
84,0.2728030193123052,0.4225079435710263,0.9638009188940837,0.6500061104105301,60.25997567176819,0.45077921413376687,87
37,0.26786939869464477,0.42920275332727287,0.9625872619961261,0.6551356755110141,48.89243197441101,0.44942594456027607,88
82,0.2757174738770029,0.4224992467311584,0.9614026050209936,0.6499994205621713,50.35194396972656,0.4478918613139349,89
2,0.26710742197637444,0.43249252719413384,0.9602530561566952,0.6576416404046613,70.76807069778442,0.4469671914415478,90
100,0.29151146844166204,0.41205602959053483,0.9636389355589937,0.641915905388342,35.86340117454529,0.4447911449370138,91
19,0.27771136943038605,0.4314968584010189,0.9648334188573191,0.6568842047126867,66.2294225692749,0.442379080587699,92
57,0.27044280661410114,0.43780759803009184,0.9611218390515309,0.6616703091646865,56.917479276657104,0.44182709605372167,93
76,0.26693622639598213,0.4433973470987498,0.9591291283975273,0.6658808805625446,89.53385710716248,0.4399194831409771,94
39,0.2833386111232793,0.4311747913768924,0.9619936820033348,0.6566390114643604,46.948678731918335,0.43770889310330413,95
65,0.27963679963772603,0.452950749922205,0.958342401152631,0.673016158737816,50.23352003097534,0.4253229361521204,96
31,0.2723272434853641,0.47536092649253475,0.9581002424611774,0.6894642314816155,50.12855935096741,0.41641928969519676,97
91,0.2838164241205777,0.47265134978793766,0.9594869539423795,0.6874964362001723,71.78295683860779,0.41099737235311284,98
58,0.28162895349925315,0.4950401605346344,0.9551241012700206,0.7035909042438186,51.388051986694336,0.39715628502265826,99
74,0.30148276938838386,0.49825359970600974,0.9564386272697074,0.7058708095012923,38.167283058166504,0.382575450907883,100
