SMILES,Linear Carbonyl,Cyclic Carbonyl,Linear Ether,Cyclic Ether,tsne_x,tsne_y
CCOC,0,0,1,0,64.96216,-18.362549
COC(C)C,0,0,1,0,28.819786,-41.838276
CCOCC,0,0,1,0,60.30208,-17.018803
CCCOC,0,0,1,0,68.30141,-8.658867
COCOC,0,0,1,0,64.46516,-21.091225
C1CCOC1,0,0,0,1,-15.953635,20.485018
C1COCO1,0,0,0,1,-15.742908,22.515823
COC(C)(C)C,0,0,1,0,56.055157,-42.195816
CCOC(C)C,0,0,1,0,28.127941,-5.5467067
CCC(C)OC,0,0,1,0,28.208134,-26.070612
COC(C)OC,0,0,1,0,28.076584,-42.59882
CCCOCC,0,0,1,0,59.815228,-13.783726
CCOCOC,0,0,1,0,63.671303,-18.353851
COCC(C)C,0,0,1,0,46.07822,-18.92737
CCCCOC,0,0,1,0,70.32377,-8.309515
COCCOC,0,0,1,0,68.19758,-10.6282
CC1CCCO1,0,0,0,1,-21.552477,-35.66478
CC1COCO1,0,0,0,1,-27.02657,-34.769897
CC1OCCO1,0,0,0,1,-18.443592,-32.57866
CC1CCOC1,0,0,0,1,2.5322824,-41.685604
C1CCOCC1,0,0,0,1,-15.991364,20.3953
C1COCCO1,0,0,0,1,-15.518678,21.203974
C1COCOC1,0,0,0,1,-15.967105,22.372269
C1OCOCO1,0,0,0,1,-15.600914,23.12115
CCOC(C)(C)C,0,0,1,0,59.64685,-34.962162
CCC(C)(C)OC,0,0,1,0,66.47512,-36.201733
COC(C)(C)OC,0,0,1,0,55.415516,-42.165672
CC(C)OC(C)C,0,0,1,0,25.524584,-41.245125
CCOC(C)CC,0,0,1,0,32.955776,-12.3566475
CCCOC(C)C,0,0,1,0,36.183983,-8.338087
COCOC(C)C,0,0,1,0,32.397873,-5.029196
COC(C)C(C)C,0,0,1,0,30.449358,-39.666027
CCC(CC)OC,0,0,1,0,21.0495,-26.11732
CCCC(C)OC,0,0,1,0,31.88244,-24.518337
COCC(C)OC,0,0,1,0,37.7762,-16.681116
CCOC(C)OC,0,0,1,0,28.217371,-8.048184
CCC(OC)OC,0,0,1,0,19.97697,-15.657816
CCOCC(C)C,0,0,1,0,43.54583,-16.375032
CCCOCCC,0,0,1,0,59.853794,-12.623633
CCCCOCC,0,0,1,0,61.189205,-9.020566
CCOCCOC,0,0,1,0,62.76668,-15.60595
CCCOCOC,0,0,1,0,64.25667,-13.5466
CCOCOCC,0,0,1,0,61.02068,-18.11161
COCC(C)(C)C,0,0,1,0,69.677765,-31.530622
CCC(C)COC,0,0,1,0,44.501705,-22.949865
COCCC(C)C,0,0,1,0,50.630405,-20.256605
CCCCCOC,0,0,1,0,70.97815,-8.48902
COCCCOC,0,0,1,0,70.64063,-10.913933
COC(OC)OC,0,0,1,0,26.4941,-43.886963
COCOCOC,0,0,1,0,64.038574,-20.500456
CC1(C)CCCO1,0,0,0,1,-4.1940856,37.730835
CC1(C)COCO1,0,0,0,1,-4.4058514,33.44818
CC1(C)OCCO1,0,0,0,1,-3.9340856,40.671913
CC1CCC(C)O1,0,0,0,1,-35.38874,-14.668604
CC1COC(C)O1,0,0,0,1,-26.141838,-26.326712
CC1CCOC1C,0,0,0,1,-50.547775,-43.494823
CCC1CCCO1,0,0,0,1,-34.74812,-51.04511
CC1CCCCO1,0,0,0,1,-21.62273,-35.64143
CC1COCCO1,0,0,0,1,-27.00823,-34.280624
CC1COC(C)C1,0,0,0,1,-20.020752,-27.160843
CC1OCOC1C,0,0,0,1,-45.472446,-44.43107
CCC1COCO1,0,0,0,1,-24.991285,-54.485714
CC1CCOCO1,0,0,0,1,-26.18026,-35.41059
COC1CCCC1,0,0,0,1,-17.772083,-0.49717957
COC1CCOC1,0,0,0,1,-2.2995558,-33.23068
CCC1OCCO1,0,0,0,1,-33.615906,-44.241558
COC1CCCO1,0,0,0,1,-17.67971,-39.05242
CC1OCCCO1,0,0,0,1,-18.4638,-32.568764
COC1COCO1,0,0,0,1,-17.298435,-48.205166
CC1OCOCO1,0,0,0,1,-24.51182,-9.1350355
CC1(C)CCOC1,0,0,0,1,-4.107349,25.919151
CC1CCCOC1,0,0,0,1,2.053745,-41.719646
CC1COCC1C,0,0,0,1,-39.23403,-26.195044
CCC1CCOC1,0,0,0,1,-2.8151748,-46.75273
CC1CCOCC1,0,0,0,1,2.978179,-42.034153
COC1OCCO1,0,0,0,1,-20.589453,-12.518831
CC1COCOC1,0,0,0,1,-4.9154882,-27.626972
CC(C)OC(C)(C)C,0,0,1,0,51.739494,-40.833176
CCOC(C)(C)CC,0,0,1,0,62.39168,-33.799038
CCCOC(C)(C)C,0,0,1,0,61.10671,-30.98373
COCOC(C)(C)C,0,0,1,0,58.332535,-31.522072
COC(C)(C)C(C)C,0,0,1,0,47.462574,-43.030228
CCC(C)(CC)OC,0,0,1,0,68.33366,-38.246895
CCCC(C)(C)OC,0,0,1,0,65.52954,-36.33929
COCC(C)(C)OC,0,0,1,0,67.43083,-32.246365
CCOC(C)(C)OC,0,0,1,0,60.381977,-36.15302
CCC(C)(OC)OC,0,0,1,0,64.60873,-38.89147
CCC(C)OC(C)C,0,0,1,0,27.588545,-23.717777
COC(C)OC(C)C,0,0,1,0,27.233402,-42.308002
CCOC(C)C(C)C,0,0,1,0,34.86877,-37.276543
CCOC(CC)CC,0,0,1,0,24.46756,-18.908213
CCCOC(C)CC,0,0,1,0,29.632149,-14.947791
CCCC(C)OCC,0,0,1,0,30.518713,-18.11904
CCOC(C)COC,0,0,1,0,33.576424,-17.679996
CC(C)COC(C)C,0,0,1,0,38.045006,-13.403268
CCCCOC(C)C,0,0,1,0,36.82922,-8.510324
COCCOC(C)C,0,0,1,0,38.805786,-6.669348
CCC(C)OCOC,0,0,1,0,32.11205,-15.154708
CCOCOC(C)C,0,0,1,0,33.634804,-7.295343
COC(C)C(C)(C)C,0,0,1,0,45.14866,-42.923428
CCC(OC)C(C)C,0,0,1,0,35.865032,-32.24027
CCC(C)C(C)OC,0,0,1,0,33.23436,-33.664986
COC(C)C(C)OC,0,0,1,0,30.742544,-39.677883
CCCC(CC)OC,0,0,1,0,18.995987,-25.54213
CCC(COC)OC,0,0,1,0,20.952423,-24.595047
COC(C)CC(C)C,0,0,1,0,27.765528,-28.495354
CCCCC(C)OC,0,0,1,0,32.034466,-23.913637
COCCC(C)OC,0,0,1,0,34.53417,-23.51285
CCOCC(C)OC,0,0,1,0,37.47091,-18.997797
COC(C)(OC)OC,0,0,1,0,56.21336,-42.40142
CCOC(CC)OC,0,0,1,0,18.894558,-15.771087
CCCOC(C)OC,0,0,1,0,26.78353,-10.115246
CCOC(C)OCC,0,0,1,0,27.680859,-6.9278803
COCOC(C)OC,0,0,1,0,29.564981,-7.584432
COC(OC)C(C)C,0,0,1,0,32.4278,-41.05398
CCCC(OC)OC,0,0,1,0,16.7156,-19.509937
COCC(OC)OC,0,0,1,0,19.40686,-19.084372
CCOCC(C)(C)C,0,0,1,0,66.895615,-28.613514
CCCOCC(C)C,0,0,1,0,45.341488,-14.614402
CCOCC(C)CC,0,0,1,0,42.358284,-20.530998
CCCCOCCC,0,0,1,0,63.59228,-7.0178266
CCCOCCOC,0,0,1,0,66.87081,-9.193736
CCOCCC(C)C,0,0,1,0,51.715603,-15.5388365
CCCCCOCC,0,0,1,0,61.247643,-8.352418
CCOCCCOC,0,0,1,0,63.544525,-10.227625
CCOCCOCC,0,0,1,0,60.56078,-15.192327
CCOC(OC)OC,0,0,1,0,22.170418,-10.334281
COCOCC(C)C,0,0,1,0,44.426346,-18.14105
CCCCOCOC,0,0,1,0,66.27243,-13.3505
CCCOCOCC,0,0,1,0,61.48095,-12.914548
COCCOCOC,0,0,1,0,65.900215,-15.421518
CCOCOCOC,0,0,1,0,63.254913,-18.659773
CCC(C)(C)COC,0,0,1,0,70.413445,-33.106564
COCC(C)C(C)C,0,0,1,0,41.146465,-27.624105
CCC(CC)COC,0,0,1,0,46.00817,-28.964901
CCCC(C)COC,0,0,1,0,46.17276,-24.30715
COCC(C)COC,0,0,1,0,44.743656,-22.577227
COCCC(C)(C)C,0,0,1,0,72.18137,-26.55605
CCC(C)CCOC,0,0,1,0,48.405617,-23.98121
COCCCC(C)C,0,0,1,0,50.966675,-21.055143
CCCCCCOC,0,0,1,0,71.32338,-8.60842
COCCCCOC,0,0,1,0,70.95222,-10.530249
CC1CCC(C)(C)O1,0,0,0,1,-7.395665,-0.60116065
CC1OCC(C)(C)O1,0,0,0,1,-4.4884396,-4.4978585
CC1CCOC1(C)C,0,0,0,1,1.7546731,8.22725
CCC1(C)CCCO1,0,0,0,1,5.1713295,36.471046
CC1(C)CCCCO1,0,0,0,1,-4.2639475,37.714123
CC1(C)COCCO1,0,0,0,1,-4.478295,33.786793
CC1COC(C)(C)C1,0,0,0,1,-5.88726,8.568795
CC1OCOC1(C)C,0,0,0,1,2.5129423,2.670547
CCC1(C)COCO1,0,0,0,1,4.2535477,32.462864
CC1(C)CCOCO1,0,0,0,1,-2.9182577,34.44993
COC1(C)CCCC1,0,0,0,1,0.3108172,19.635
COC1(C)CCOC1,0,0,0,1,-1.0584407,23.332182
CC1COC(C)(C)O1,0,0,0,1,-5.426662,3.4758666
CCC1(C)OCCO1,0,0,0,1,5.1599865,40.9939
COC1(C)CCCO1,0,0,0,1,0.16160175,37.424168
CC1(C)OCCCO1,0,0,0,1,-4.003818,40.637634
COC1(C)COCO1,0,0,0,1,-0.44610167,33.462444
CC1(C)OCOCO1,0,0,0,1,-3.2900982,42.34326
CC1CC(C)C(C)O1,0,0,0,1,-38.255547,-11.651154
CCC1CCC(C)O1,0,0,0,1,-33.774414,-18.472357
CC1CCCC(C)O1,0,0,0,1,-34.982765,-14.698728
CC1COCC(C)O1,0,0,0,1,-34.346775,-23.13238
CC1OC(C)C(C)O1,0,0,0,1,-31.365543,-6.934556
CCC1COC(C)O1,0,0,0,1,-28.98233,-21.594988
CC1CCOC(C)O1,0,0,0,1,-27.878742,-19.058409
CCC1OCC(C)O1,0,0,0,1,-25.123913,-20.529867
COC1CCC(C)O1,0,0,0,1,-31.630268,-14.981523
CC1OCCC1(C)C,0,0,0,1,6.3986754,0.29898638
CC(C)C1CCCO1,0,0,0,1,8.247119,-53.619698
CC1CCCOC1C,0,0,0,1,-50.95676,-42.931248
CC1OCCOC1C,0,0,0,1,-46.929516,-43.398197
CCC1OCCC1C,0,0,0,1,-53.835503,-40.952595
CCC1CCCCO1,0,0,0,1,-34.846016,-51.219097
CCOC1CCCC1,0,0,0,1,-8.717427,-35.010036
CCC1COCCO1,0,0,0,1,-24.822628,-51.374702
CCOC1CCOC1,0,0,0,1,-5.581723,-34.45692
CC1COC(C)C1C,0,0,0,1,-45.05688,-34.26618
CCC1CC(C)CO1,0,0,0,1,-18.74048,-22.324203
CC1CCC(C)OC1,0,0,0,1,-19.032532,-26.440035
CCC1CCOC1C,0,0,0,1,-56.17512,-38.6542
CCCC1CCCO1,0,0,0,1,-34.51906,-52.766212
CC1CCOC(C)C1,0,0,0,1,-16.276,-23.533112
CC1COC(C)CO1,0,0,0,1,-22.23738,-24.908022
COC1CCOC1C,0,0,0,1,-52.2186,-34.592037
COCC1CCCO1,0,0,0,1,-31.995237,-51.509373
CC1CC(C)(C)CO1,0,0,0,1,1.0303866,-4.9022145
CCC1COC(C)C1,0,0,0,1,-13.980261,-26.052061
COC1COC(C)C1,0,0,0,1,-10.354187,-20.908434
COC1OCC(C)O1,0,0,0,1,-23.160767,-14.76742
CC(C)C1COCO1,0,0,0,1,4.4955153,-52.877964
CC1COCOC1C,0,0,0,1,-41.16593,-34.54189
CCC1OCOC1C,0,0,0,1,-43.627995,-41.093456
CCC1CCOCO1,0,0,0,1,-29.386032,-54.714645
CCCC1COCO1,0,0,0,1,-24.913542,-53.685066
CC1CC(C)OCO1,0,0,0,1,-13.974668,-15.531689
COC1OCOC1C,0,0,0,1,-47.00685,-39.143204
COCC1COCO1,0,0,0,1,-27.11444,-52.90867
COC1CCCC1C,0,0,0,1,-49.526867,-24.91504
COC1COCC1C,0,0,0,1,-44.816463,-27.682215
COC1CCC(C)C1,0,0,0,1,-19.722906,-2.2432604
COC1CCCCC1,0,0,0,1,-17.740486,-0.5315887
COC1CCOCC1,0,0,0,1,-1.8427476,-32.925037
COC1CCCOC1,0,0,0,1,-2.6784084,-33.327152
COC1COCOC1,0,0,0,1,-3.4228592,-31.719625
COC1(C)OCCO1,0,0,0,1,0.44789213,42.118935
COC1COC(C)O1,0,0,0,1,-26.835724,-16.276144
CC1OCOC(C)O1,0,0,0,1,-25.083382,-10.053901
CC(C)C1OCCO1,0,0,0,1,7.147174,-57.608196
COC1OCCC1C,0,0,0,1,-50.65882,-37.431522
COC1CCCCO1,0,0,0,1,-17.780373,-38.994785
CCC1OCCCO1,0,0,0,1,-33.59152,-44.12093
CCOC1CCCO1,0,0,0,1,-18.426594,-41.63657
CCCC1OCCO1,0,0,0,1,-31.57645,-43.453228
COC1COCCO1,0,0,0,1,-18.103691,-48.082874
CCOC1COCO1,0,0,0,1,-17.456278,-46.221832
COCC1OCCO1,0,0,0,1,-29.656235,-46.73431
COC1CC(C)CO1,0,0,0,1,-15.384627,-19.608988
CC1COC(C)OC1,0,0,0,1,-16.59411,-28.827639
COC1CCOCO1,0,0,0,1,-19.111763,-44.887417
CCC1OCOCO1,0,0,0,1,-33.07114,-41.93698
CC1(C)CCCOC1,0,0,0,1,-3.681661,25.707617
CC1COCC1(C)C,0,0,0,1,7.4720993,6.130761
CC1COCC(C)C1,0,0,0,1,-5.5746994,-26.798986
CCC1(C)CCOC1,0,0,0,1,2.764016,26.50396
CC1CCOCC1C,0,0,0,1,-39.993374,-26.96359
CCC1CCCOC1,0,0,0,1,-3.2400775,-46.23461
CCC1COCC1C,0,0,0,1,-39.561768,-30.789103
CC(C)C1CCOC1,0,0,0,1,5.76821,-48.37609
CC1(C)CCOCC1,0,0,0,1,-4.3657136,26.418812
CCCC1CCOC1,0,0,0,1,-2.4112391,-44.770065
CCC1CCOCC1,0,0,0,1,-1.9287149,-46.593765
COCC1CCOC1,0,0,0,1,-6.275966,-44.13886
COC1OCCCO1,0,0,0,1,-20.434166,-12.576872
CCOC1OCCO1,0,0,0,1,-23.312403,-42.263966
CC1(C)COCOC1,0,0,0,1,-1.5143014,27.333122
CCC1COCOC1,0,0,0,1,-2.9577343,-41.64187
COCC1CCCC1,0,0,0,1,-9.4201565,-44.316475
COC1OCOCO1,0,0,0,1,-20.916862,-11.731665
CC(C)(C)OC(C)(C)C,0,0,1,0,56.243443,-40.893536
CCC(C)(C)OC(C)C,0,0,1,0,52.228275,-40.071224
CCC(C)OC(C)(C)C,0,0,1,0,50.392006,-40.08004
COC(C)OC(C)(C)C,0,0,1,0,50.989685,-41.514046
CCOC(C)(C)C(C)C,0,0,1,0,59.265854,-36.46922
CCOC(C)(CC)CC,0,0,1,0,61.421547,-35.028713
CCCOC(C)(C)CC,0,0,1,0,61.72844,-32.36508
CCCC(C)(C)OCC,0,0,1,0,63.176937,-34.166862
CCOC(C)(C)COC,0,0,1,0,65.52573,-32.81511
CC(C)COC(C)(C)C,0,0,1,0,46.29114,-16.509947
CCCCOC(C)(C)C,0,0,1,0,61.152622,-30.65325
COCCOC(C)(C)C,0,0,1,0,59.683678,-29.89054
CCC(C)(C)OCOC,0,0,1,0,59.003807,-31.889343
CCOCOC(C)(C)C,0,0,1,0,58.677525,-34.35249
COC(C)(C)C(C)(C)C,0,0,1,0,55.681087,-43.319675
CCC(C)(OC)C(C)C,0,0,1,0,68.75968,-39.2397
CCC(C)C(C)(C)OC,0,0,1,0,47.549652,-42.279633
COC(C)C(C)(C)OC,0,0,1,0,46.203617,-42.979786
CCC(CC)(CC)OC,0,0,1,0,66.52415,-41.435936
CCCC(C)(CC)OC,0,0,1,0,67.91519,-38.13592
CCC(C)(COC)OC,0,0,1,0,68.81266,-37.707706
COC(C)(C)CC(C)C,0,0,1,0,67.02959,-35.356308
CCCCC(C)(C)OC,0,0,1,0,65.34494,-36.204536
COCCC(C)(C)OC,0,0,1,0,71.64998,-27.305386
CCOCC(C)(C)OC,0,0,1,0,66.773315,-30.543718
COC(C)(C)OC(C)C,0,0,1,0,52.77808,-41.420826
CCOC(C)(CC)OC,0,0,1,0,64.22401,-38.89795
CCCOC(C)(C)OC,0,0,1,0,60.51764,-32.971138
CCOC(C)(C)OCC,0,0,1,0,60.0546,-35.89476
COCOC(C)(C)OC,0,0,1,0,58.01176,-31.832886
COC(C)(OC)C(C)C,0,0,1,0,47.956886,-43.485577
CCC(CC)(OC)OC,0,0,1,0,66.52416,-41.436054
CCCC(C)(OC)OC,0,0,1,0,65.441154,-37.75992
COCC(C)(OC)OC,0,0,1,0,68.33006,-32.453587
CC(C)OC(C)C(C)C,0,0,1,0,25.321367,-41.008247
CCC(CC)OC(C)C,0,0,1,0,26.628819,-22.953117
CCC(C)OC(C)CC,0,0,1,0,27.682436,-24.26953
CCCC(C)OC(C)C,0,0,1,0,28.705217,-22.6004
COCC(C)OC(C)C,0,0,1,0,36.86021,-16.503489
CCC(C)OC(C)OC,0,0,1,0,27.882267,-25.173628
CCC(OC)OC(C)C,0,0,1,0,20.555788,-15.876242
CCOC(C)OC(C)C,0,0,1,0,27.229464,-6.140043
CCOC(C)C(C)(C)C,0,0,1,0,36.377823,-37.81742
CCOC(CC)C(C)C,0,0,1,0,37.106823,-34.061943
CCCOC(C)C(C)C,0,0,1,0,27.043827,-13.890165
CCOC(C)C(C)CC,0,0,1,0,34.730972,-36.672462
CCOC(C)C(C)OC,0,0,1,0,34.113197,-37.63316
CCCOC(CC)CC,0,0,1,0,25.731314,-17.069422
CCCC(CC)OCC,0,0,1,0,24.883492,-19.200876
CCOC(CC)COC,0,0,1,0,23.717024,-19.553957
CCC(C)OCC(C)C,0,0,1,0,33.892403,-12.656576
CCCOC(C)CCC,0,0,1,0,30.096474,-16.841845
CCCCOC(C)CC,0,0,1,0,29.435963,-14.683936
CCC(C)OCCOC,0,0,1,0,30.419907,-14.31347
CCOC(C)CC(C)C,0,0,1,0,32.360092,-12.706611
CCCCC(C)OCC,0,0,1,0,30.559727,-18.491663
CCOC(C)CCOC,0,0,1,0,32.8762,-18.702068
CCCOC(C)COC,0,0,1,0,33.369644,-17.208946
CCOCC(C)OCC,0,0,1,0,35.835133,-18.659966
CC(C)OCC(C)(C)C,0,0,1,0,34.024483,-3.8080378
CCC(C)COC(C)C,0,0,1,0,39.09295,-13.457916
COC(C)COC(C)C,0,0,1,0,38.11719,-15.591807
CC(C)CCOC(C)C,0,0,1,0,39.033985,-8.869692
CCCCCOC(C)C,0,0,1,0,36.94267,-8.532047
COCCCOC(C)C,0,0,1,0,38.871708,-6.6512213
CCOCCOC(C)C,0,0,1,0,36.09331,-6.3963947
COC(OC)OC(C)C,0,0,1,0,26.416645,-42.824852
COCOC(C)C(C)C,0,0,1,0,31.140951,-4.6912117
CCC(CC)OCOC,0,0,1,0,23.977766,-18.191221
CCCC(C)OCOC,0,0,1,0,31.893518,-15.612066
CCOCOC(C)CC,0,0,1,0,32.96547,-11.127934
COCOC(C)COC,0,0,1,0,33.189796,-16.08318
CC(C)OCOC(C)C,0,0,1,0,33.33492,-4.73975
CCCOCOC(C)C,0,0,1,0,34.243885,-7.4312797
COCOCOC(C)C,0,0,1,0,32.524975,-5.254801
CCC(OC)C(C)(C)C,0,0,1,0,42.899284,-41.404312
CCC(C)(C)C(C)OC,0,0,1,0,45.095078,-43.497387
COC(C(C)C)C(C)C,0,0,1,0,30.617886,-41.66931
CCC(C)C(CC)OC,0,0,1,0,34.841335,-32.394146
CCCC(OC)C(C)C,0,0,1,0,36.161568,-31.608383
COCC(OC)C(C)C,0,0,1,0,37.14488,-31.022104
COC(C)C(C)C(C)C,0,0,1,0,30.147411,-39.214783
CCC(CC)C(C)OC,0,0,1,0,33.860874,-34.10999
CCCC(C)C(C)OC,0,0,1,0,32.57699,-33.89259
COCC(C)C(C)OC,0,0,1,0,40.826057,-28.475965
CCC(OC)C(C)OC,0,0,1,0,35.115414,-32.895485
CCC(CC(C)C)OC,0,0,1,0,21.467955,-26.78509
CCCC(CCC)OC,0,0,1,0,18.707355,-24.868183
CCCCC(CC)OC,0,0,1,0,18.83546,-26.183983
CCC(CCOC)OC,0,0,1,0,19.974033,-25.855597
CCCC(COC)OC,0,0,1,0,19.289104,-24.245302
CCOCC(CC)OC,0,0,1,0,21.945498,-24.974909
COC(C)CC(C)(C)C,0,0,1,0,29.350792,-28.505053
CCC(C)CC(C)OC,0,0,1,0,28.088451,-27.338785
COC(C)CC(C)OC,0,0,1,0,28.13781,-28.243803
COC(C)CCC(C)C,0,0,1,0,32.40095,-25.411375
CCCCCC(C)OC,0,0,1,0,32.06054,-23.831116
COCCCC(C)OC,0,0,1,0,34.372826,-23.661139
CCOCCC(C)OC,0,0,1,0,35.696842,-22.78007
COC(C)C(OC)OC,0,0,1,0,31.430052,-39.858738
COCC(COC)OC,0,0,1,0,20.637,-23.99925
CCCOCC(C)OC,0,0,1,0,37.94221,-18.642862
COCOCC(C)OC,0,0,1,0,38.712975,-17.403143
CCOC(C)(OC)OC,0,0,1,0,60.89356,-37.145008
CCC(OC)(OC)OC,0,0,1,0,66.422775,-40.688366
COC(C)OC(C)OC,0,0,1,0,27.627666,-42.69256
CCOC(OC)C(C)C,0,0,1,0,32.976906,-41.082474
CCCOC(CC)OC,0,0,1,0,19.749311,-14.521624
CCCC(OC)OCC,0,0,1,0,16.93405,-18.882309
CCOC(CC)OCC,0,0,1,0,18.408562,-16.031332
CCOC(COC)OC,0,0,1,0,19.247984,-18.541119
COC(C)OCC(C)C,0,0,1,0,29.069145,-9.314648
CCCOC(C)OCC,0,0,1,0,26.974022,-7.373603
CCCCOC(C)OC,0,0,1,0,26.722046,-10.2210655
COCCOC(C)OC,0,0,1,0,27.777967,-10.270101
CCOC(C)OCOC,0,0,1,0,28.836191,-7.045862
CCC(OC)OCOC,0,0,1,0,19.079058,-14.834776
CCOCOC(C)OC,0,0,1,0,30.374382,-8.106294
COC(OC)C(C)(C)C,0,0,1,0,44.21496,-42.307304
CCC(C)C(OC)OC,0,0,1,0,33.303757,-32.664318
COC(CC(C)C)OC,0,0,1,0,26.822962,-29.060822
CCCCC(OC)OC,0,0,1,0,16.477137,-20.018095
COCCC(OC)OC,0,0,1,0,19.221329,-20.209988
CCOCC(OC)OC,0,0,1,0,37.43116,-20.23742
CCCOCC(C)(C)C,0,0,1,0,66.68798,-27.897017
CCOCC(C)(C)CC,0,0,1,0,67.01053,-29.19286
CC(C)COCC(C)C,0,0,1,0,44.87027,-16.4563
CCCOCC(C)CC,0,0,1,0,42.342175,-19.591173
CCCCOCC(C)C,0,0,1,0,45.43148,-14.392119
COCCOCC(C)C,0,0,1,0,46.071396,-18.446178
CCOCC(C)C(C)C,0,0,1,0,42.15107,-16.997387
CCOCC(CC)CC,0,0,1,0,40.72979,-20.667696
CCCC(C)COCC,0,0,1,0,42.391068,-21.32874
CCOCC(C)COC,0,0,1,0,43.59379,-21.965477
CCCOCCC(C)C,0,0,1,0,51.457478,-14.704599
CCCCOCCCC,0,0,1,0,63.959576,-7.150627
CCCCCOCCC,0,0,1,0,63.089466,-6.8572946
CCCOCCCOC,0,0,1,0,66.09565,-9.018913
CCCCOCCOC,0,0,1,0,65.89894,-7.776945
CCCOCCOCC,0,0,1,0,59.75384,-13.80726
CCOCCC(C)(C)C,0,0,1,0,68.417725,-25.060553
CCOCCC(C)CC,0,0,1,0,50.946472,-16.307133
CCOCCCC(C)C,0,0,1,0,52.177303,-15.657426
CCCCCCOCC,0,0,1,0,61.19216,-8.21458
CCOCCCCOC,0,0,1,0,63.6294,-10.273274
CCOCCCOCC,0,0,1,0,62.224632,-9.838144
COCCOCCOC,0,0,1,0,67.510925,-10.352692
CCOCCOCOC,0,0,1,0,64.130936,-16.577742
CCCOC(OC)OC,0,0,1,0,23.234734,-11.044778
CCOC(OC)OCC,0,0,1,0,22.021194,-10.318449
COCOCC(C)(C)C,0,0,1,0,69.33393,-30.074223
CCC(C)COCOC,0,0,1,0,43.693405,-19.800222
CCOCOCC(C)C,0,0,1,0,43.585396,-16.210901
COCOCCC(C)C,0,0,1,0,50.79973,-19.223938
CCCCOCOCC,0,0,1,0,60.513863,-9.937559
CCCCCOCOC,0,0,1,0,66.32764,-13.294155
COCCCOCOC,0,0,1,0,66.60025,-14.743355
CCCOCOCCC,0,0,1,0,61.71623,-12.887839
CCCOCOCOC,0,0,1,0,64.09617,-13.536691
CCOCOCCOC,0,0,1,0,63.11259,-15.90779
CCOCOCOCC,0,0,1,0,61.145832,-18.249958
COCC(C)(C)C(C)C,0,0,1,0,70.763466,-31.45454
CCC(C)(CC)COC,0,0,1,0,70.15913,-34.003414
CCCC(C)(C)COC,0,0,1,0,71.063576,-33.07069
COCC(C)(C)COC,0,0,1,0,70.31312,-32.575657
COCC(C)C(C)(C)C,0,0,1,0,39.837772,-27.140078
CCC(COC)C(C)C,0,0,1,0,43.59474,-26.871151
CCC(C)C(C)COC,0,0,1,0,41.893864,-27.891928
CCCC(CC)COC,0,0,1,0,46.18287,-29.445591
CCC(COC)COC,0,0,1,0,46.021095,-28.98193
COCC(C)CC(C)C,0,0,1,0,45.403187,-22.116943
CCCCC(C)COC,0,0,1,0,45.950768,-24.460863
COCCC(C)COC,0,0,1,0,46.86215,-23.64299
CCC(C)(C)CCOC,0,0,1,0,72.63336,-27.583298
COCCC(C)C(C)C,0,0,1,0,41.390804,-26.366423
CCC(CC)CCOC,0,0,1,0,47.006626,-28.389273
CCCC(C)CCOC,0,0,1,0,47.509857,-24.428812
COCCCC(C)(C)C,0,0,1,0,72.29383,-26.118462
CCC(C)CCCOC,0,0,1,0,48.889225,-23.831953
COCCCCC(C)C,0,0,1,0,51.060932,-21.13552
CCCCCCCOC,0,0,1,0,71.322334,-8.609197
COCCCCCOC,0,0,1,0,71.18158,-10.306676
COC(OC)(OC)OC,0,0,1,0,57.131325,-42.759228
COCOC(OC)OC,0,0,1,0,23.558308,-8.652919
COCOCOCOC,0,0,1,0,63.921,-20.34597
CC1(C)CCC(C)(C)O1,0,0,0,1,-5.98295,36.914936
CC1(C)COC(C)(C)O1,0,0,0,1,-6.1687593,36.09449
CC1CC(C)C(C)(C)O1,0,0,0,1,-5.840064,1.1194518
CCC1(C)CCC(C)O1,0,0,0,1,-7.61414,-1.6214067
CC1CCCC(C)(C)O1,0,0,0,1,-7.2474904,-0.5680971
CC1COCC(C)(C)O1,0,0,0,1,-4.2272797,-0.25088835
CC1CC(C)(C)OC1C,0,0,0,1,-10.360174,4.5417843
CCC1CCC(C)(C)O1,0,0,0,1,-8.707582,-0.100185506
CC1OC(C)C(C)(C)O1,0,0,0,1,-11.805879,3.2319283
CCC1(C)COC(C)O1,0,0,0,1,-4.756684,-3.8046908
CC1OCCC(C)(C)O1,0,0,0,1,-3.962585,-4.45957
CCC1OCC(C)(C)O1,0,0,0,1,-4.7212076,-5.8354073
COC1CCC(C)(C)O1,0,0,0,1,-8.019481,0.66840285
CC1(C)CCOC1(C)C,0,0,0,1,-5.354245,41.61907
CC(C)C1(C)CCCO1,0,0,0,1,-2.7822378,38.1543
CC1CCCOC1(C)C,0,0,0,1,2.0298789,8.0571575
CC1OCCOC1(C)C,0,0,0,1,3.0623598,3.0452268
CCC1(C)OCCC1C,0,0,0,1,0.83083993,8.398548
CCC1(CC)CCCO1,0,0,0,1,3.9619799,36.95973
CCC1(C)CCCCO1,0,0,0,1,5.144927,36.239788
CCOC1(C)CCCC1,0,0,0,1,-1.235408,20.658482
CCC1(C)COCCO1,0,0,0,1,5.1458,32.991287
CCOC1(C)CCOC1,0,0,0,1,-1.5112089,21.98353
CC1COC(C)(C)C1C,0,0,0,1,-2.9682693,6.9581513
CCC1(C)CC(C)CO1,0,0,0,1,-6.18143,7.5475597
CC1CCC(C)(C)OC1,0,0,0,1,-5.194768,8.306494
CCC1CCOC1(C)C,0,0,0,1,1.708419,9.380299
CCCC1(C)CCCO1,0,0,0,1,5.844954,36.493793
CC1CCOC(C)(C)C1,0,0,0,1,-5.2332187,9.310518
CC1COC(C)(C)CO1,0,0,0,1,-2.107438,-1.6240187
COC1CCOC1(C)C,0,0,0,1,2.8044474,9.110739
COCC1(C)CCCO1,0,0,0,1,6.026518,37.29709
CC1(C)COC(C)(C)C1,0,0,0,1,-6.007334,35.10125
CCC1COC(C)(C)C1,0,0,0,1,-6.6315417,9.906396
COC1COC(C)(C)C1,0,0,0,1,-7.40465,9.413306
COC1OCC(C)(C)O1,0,0,0,1,-5.568091,-5.5630774
CC1(C)OCOC1(C)C,0,0,0,1,-4.305359,42.519814
CC(C)C1(C)COCO1,0,0,0,1,-4.0837564,32.478268
CC1COCOC1(C)C,0,0,0,1,3.3901598,6.1785703
CCC1(C)OCOC1C,0,0,0,1,1.7288886,2.5732825
CCC1(CC)COCO1,0,0,0,1,2.7677755,32.12655
CCC1(C)CCOCO1,0,0,0,1,4.1138,33.717506
CCC1OCOC1(C)C,0,0,0,1,2.2953088,1.4511887
CCCC1(C)COCO1,0,0,0,1,4.238033,32.125202
CC1CC(C)(C)OCO1,0,0,0,1,0.15877858,-0.027823772
COC1OCOC1(C)C,0,0,0,1,3.1683638,1.4473449
COCC1(C)COCO1,0,0,0,1,4.5196548,31.492044
COC1(C)CCCC1C,0,0,0,1,5.999172,8.899137
COC1(C)COCC1C,0,0,0,1,6.996604,7.0714135
COC1(C)CCOC1C,0,0,0,1,7.393361,0.54969734
CCC1(OC)CCCC1,0,0,0,1,2.2027593,21.65795
CCC1(OC)CCOC1,0,0,0,1,1.833155,22.617912
COC1(C)CCC(C)C1,0,0,0,1,0.09959077,17.791304
COC1(C)CCCCC1,0,0,0,1,0.27699178,19.636705
COC1(C)CCOCC1,0,0,0,1,-0.72643864,23.095884
COC1(C)COC(C)C1,0,0,0,1,0.34566998,-3.6761088
COC1(C)CCCOC1,0,0,0,1,-1.3846987,23.650421
COC1(C)COCOC1,0,0,0,1,-1.1855778,24.958086
CCC1(C)OCC(C)O1,0,0,0,1,-4.412976,3.8649776
COC1(C)CCC(C)O1,0,0,0,1,-6.5638576,-2.1926956
CC1CCOC(C)(C)O1,0,0,0,1,-5.2485175,2.9495165
CC1OC(C)(C)OC1C,0,0,0,1,-10.5090475,4.222467
CCC1COC(C)(C)O1,0,0,0,1,-6.716714,3.7170494
COC1(C)COC(C)O1,0,0,0,1,-5.7161245,-3.2915912
CC1OCOC(C)(C)O1,0,0,0,1,-1.8455642,1.7045686
COC1COC(C)(C)O1,0,0,0,1,-6.8309884,3.086603
CC(C)C1(C)OCCO1,0,0,0,1,-2.9732225,39.823555
CCC1(CC)OCCO1,0,0,0,1,4.403451,42.198566
COC1(C)OCCC1C,0,0,0,1,1.0202805,7.4509563
CCC1(OC)CCCO1,0,0,0,1,2.6634054,36.93035
COC1(C)CCCCO1,0,0,0,1,-0.04014114,37.295643
CCC1(C)OCCCO1,0,0,0,1,5.091045,40.845142
CCOC1(C)CCCO1,0,0,0,1,0.3801035,38.38083
CCCC1(C)OCCO1,0,0,0,1,6.084586,41.183983
COC1(C)COCCO1,0,0,0,1,-0.9599147,33.306408
CCOC1(C)COCO1,0,0,0,1,0.3283559,33.78596
COCC1(C)OCCO1,0,0,0,1,6.5167685,39.816803
COC1(C)CC(C)CO1,0,0,0,1,-6.6504607,8.094236
CC1COC(C)(C)OC1,0,0,0,1,-4.7692776,6.997232
COC1(C)OCOC1C,0,0,0,1,1.7037765,3.3971243
CCC1(OC)COCO1,0,0,0,1,1.6896962,32.311237
COC1(C)CCOCO1,0,0,0,1,-1.129181,34.52375
CCC1(C)OCOCO1,0,0,0,1,4.387996,40.34714
COC1(OC)CCCC1,0,0,0,1,1.3252846,19.937494
COC1(OC)CCOC1,0,0,0,1,1.2312763,22.898422
CC1CC(C)(C)C(C)O1,0,0,0,1,2.7985353,-3.7348022
CC1CCC(C(C)C)O1,0,0,0,1,-35.99674,-15.328347
CC1CCC(C)C(C)O1,0,0,0,1,-36.37438,-13.686777
CC1COC(C)C(C)O1,0,0,0,1,-26.179937,-25.902418
CCC1OC(C)CC1C,0,0,0,1,-39.67407,-11.567271
CCC1CCCC(C)O1,0,0,0,1,-33.91627,-17.990427
CC(C)OC1CCCC1,0,0,0,1,0.20588887,-35.14783
CCC1COCC(C)O1,0,0,0,1,-34.043808,-22.560066
CC(C)OC1CCOC1,0,0,0,1,-0.7485256,-35.032078
CC1OC(C)C(C)C1C,0,0,0,1,-32.43732,-6.4203663
CCC1CC(C)C(C)O1,0,0,0,1,-38.45522,-12.778708
CCC1CCC(CC)O1,0,0,0,1,-32.77169,-18.030424
CCC1CC(C)OC1C,0,0,0,1,-39.60963,-11.8356905
CCCC1CCC(C)O1,0,0,0,1,-34.402855,-18.890009
CC1CC(C)OC(C)C1,0,0,0,1,-35.018326,-9.821264
COC1CC(C)OC1C,0,0,0,1,-38.205315,-10.483869
COCC1CCC(C)O1,0,0,0,1,-33.924995,-19.5762
COC1(C)OCC(C)O1,0,0,0,1,-5.1687903,4.3314075
CC1OCC(C(C)C)O1,0,0,0,1,-24.788074,-27.895775
CC1OCC(C)C(C)O1,0,0,0,1,-26.773516,-27.061178
CCC1OC(C)OC1C,0,0,0,1,-30.631384,-7.6463637
CCC1CCOC(C)O1,0,0,0,1,-29.253819,-20.501066
CCC1OC(C)C(C)O1,0,0,0,1,-29.00976,-9.082177
CCC1COC(CC)O1,0,0,0,1,-24.705511,-19.042074
CCC1OCCC(C)O1,0,0,0,1,-26.313524,-20.030888
COC1CC(C)C(C)O1,0,0,0,1,-37.366165,-11.723128
CCC1CCC(OC)O1,0,0,0,1,-31.93581,-16.987831
COC1CCCC(C)O1,0,0,0,1,-32.0559,-14.810424
CCCC1COC(C)O1,0,0,0,1,-28.973269,-21.813099
CC1CC(C)OC(C)O1,0,0,0,1,-34.826706,-9.551301
COC1COCC(C)O1,0,0,0,1,-34.50836,-23.54212
COC1OC(C)OC1C,0,0,0,1,-30.773922,-6.1258144
COCC1COC(C)O1,0,0,0,1,-29.130945,-22.535368
CC1COC(C(C)C)O1,0,0,0,1,-25.319885,-25.832067
COC1OC(C)CC1C,0,0,0,1,-38.228977,-10.27529
CC(C)OC1CCCO1,0,0,0,1,-16.719812,-39.42399
CCCC1OCC(C)O1,0,0,0,1,-25.063185,-20.856314
CC(C)OC1COCO1,0,0,0,1,-16.607878,-48.48461
COCC1OCC(C)O1,0,0,0,1,-25.219172,-21.618896
CCOC1CCC(C)O1,0,0,0,1,-30.755148,-14.269083
CC(C)(C)C1CCCO1,0,0,0,1,-19.17164,-36.57727
CC1OCCCC1(C)C,0,0,0,1,6.3828964,0.5559944
CCC1OCCC1(C)C,0,0,0,1,5.745718,-0.8811413
CC(C)C1OCCC1C,0,0,0,1,-50.886837,-44.92465
CCC1OCCCC1C,0,0,0,1,-53.450474,-40.82384
CC(C)C1CCCCO1,0,0,0,1,8.029967,-53.532322
CCOC1CCCC1C,0,0,0,1,-48.774982,-26.029058
CC(C)C1COCCO1,0,0,0,1,4.632512,-52.187862
CCOC1COCC1C,0,0,0,1,-46.103233,-27.506088
CC1COC(C)C1(C)C,0,0,0,1,4.5841374,3.408487
CC1COC(C(C)C)C1,0,0,0,1,-23.19572,-28.317238
CC1COC(C)C(C)C1,0,0,0,1,-19.591675,-28.081558
CCC1(C)CCOC1C,0,0,0,1,7.013832,-0.3680444
CCC(C)C1CCCO1,0,0,0,1,8.684095,-54.373325
CC1CCOC(C)C1C,0,0,0,1,-50.192017,-43.480988
CCC1CCCOC1C,0,0,0,1,-56.106857,-38.286064
CCC1OCCOC1C,0,0,0,1,-44.562763,-41.577118
CCOC1CCOC1C,0,0,0,1,-51.301807,-34.60996
COC(C)C1CCCO1,0,0,0,1,8.911222,-53.36631
COC1CCCOC1C,0,0,0,1,-52.429237,-34.360558
CCC1OCC(C)C1C,0,0,0,1,-43.650204,-35.5997
CCC1CCC(C)CO1,0,0,0,1,-19.219131,-23.065777
CCCOC1CCCC1,0,0,0,1,-9.45749,-35.085266
CCC1CCOC1CC,0,0,0,1,-54.20355,-38.653423
CCCC1OCCC1C,0,0,0,1,-54.116356,-41.489635
CCC1CC(C)CCO1,0,0,0,1,-17.660202,-22.7492
CCCC1CCCCO1,0,0,0,1,-34.728096,-52.66943
CCOC1CCC(C)C1,0,0,0,1,-19.162645,-4.0776434
CCOC1CCCCC1,0,0,0,1,-8.688997,-34.954468
CCOC1CCOCC1,0,0,0,1,-6.417982,-34.402523
CCC1COC(C)CO1,0,0,0,1,-21.696074,-24.317612
CCCOC1CCOC1,0,0,0,1,-5.366613,-35.28401
CCCC1COCCO1,0,0,0,1,-24.73786,-51.50347
CCOC1COC(C)C1,0,0,0,1,-9.365771,-20.334766
CCOC1CCCOC1,0,0,0,1,-5.414165,-34.06656
COCC1OCCC1C,0,0,0,1,-54.945004,-41.426792
CCC1OCCC1OC,0,0,0,1,-53.660355,-36.68528
COCC1CCCCO1,0,0,0,1,-31.803852,-51.528454
CC1OCC(C)(C)C1C,0,0,0,1,-1.4836646,-6.070314
CCC1CC(C)(C)CO1,0,0,0,1,1.4424331,-6.4744554
CC1CCC(C)(C)CO1,0,0,0,1,0.23558764,-5.1097507
CCC1C(C)COC1C,0,0,0,1,-44.047512,-34.61019
CCCC1CC(C)CO1,0,0,0,1,-18.899092,-21.958271
CC1CC(C)C(C)CO1,0,0,0,1,-20.45781,-26.925497
CCC1COC(C)C1C,0,0,0,1,-43.2932,-33.70987
CCC1COC(CC)C1,0,0,0,1,-13.862427,-23.515686
CCC1CCC(C)OC1,0,0,0,1,-14.5763,-26.668255
COC1COC(C)C1C,0,0,0,1,-46.29394,-32.599766
CCC1CC(OC)CO1,0,0,0,1,-12.430341,-22.210487
COC1CCC(C)OC1,0,0,0,1,-10.181124,-21.322538
CC(C)C1CCOC1C,0,0,0,1,-50.266354,-44.843235
CC(C)CC1CCCO1,0,0,0,1,-34.814507,-50.024574
CC1CC(C)(C)CCO1,0,0,0,1,1.5341367,-4.8857317
CCCC1CCOC1C,0,0,0,1,-56.730938,-38.923756
CCCCC1CCCO1,0,0,0,1,-34.439342,-53.18188
CCC1CCOC(C)C1,0,0,0,1,-14.799209,-25.259813
COCC1CCOC1C,0,0,0,1,-56.550697,-39.75245
COCCC1CCCO1,0,0,0,1,-32.73203,-52.43295
COC1CCOC(C)C1,0,0,0,1,-10.794421,-20.201712
COC1OCCOC1C,0,0,0,1,-47.855846,-38.686306
COCC1COCCO1,0,0,0,1,-27.012352,-51.748074
CCOC1COCOC1,0,0,0,1,-5.521513,-32.97968
COC1C(C)COC1C,0,0,0,1,-46.090473,-33.67859
COCC1CC(C)CO1,0,0,0,1,-19.340899,-21.291634
COC1COC(C)CO1,0,0,0,1,-22.686949,-24.795189
CCOCC1CCCO1,0,0,0,1,-32.571236,-50.716293
CCC1(C)COC(C)C1,0,0,0,1,1.0873429,-3.8320224
CC1CC(C(C)C)CO1,0,0,0,1,-21.177877,-27.546494
CCCC1COC(C)C1,0,0,0,1,-13.536415,-26.051487
COCC1COC(C)C1,0,0,0,1,-12.809769,-26.425198
COC1OC(C)C(C)O1,0,0,0,1,-23.861656,-12.708349
CCC1COC(OC)O1,0,0,0,1,-23.758978,-17.01088
COC1OCCC(C)O1,0,0,0,1,-23.436037,-14.369339
CC(C)OC1OCCO1,0,0,0,1,-0.4846949,-36.25972
CCOC1OCC(C)O1,0,0,0,1,-22.629004,-15.415654
CC(C)(C)C1COCO1,0,0,0,1,-28.17507,-35.50144
CC1OCOCC1(C)C,0,0,0,1,6.498399,2.8089948
CC(C)C1OCOC1C,0,0,0,1,-45.64103,-45.22996
CCC1OCOCC1C,0,0,0,1,-41.753017,-35.685078
CC(C)C1CCOCO1,0,0,0,1,5.6919475,-52.993546
CCC(C)C1COCO1,0,0,0,1,3.7805228,-53.223785
CC1OCOC(C)C1C,0,0,0,1,-45.33037,-44.400635
CCC1COCOC1C,0,0,0,1,-41.217316,-33.516445
COC(C)C1COCO1,0,0,0,1,4.2887917,-53.641357
COC1COCOC1C,0,0,0,1,-45.445435,-31.099327
COCOC1CCCC1,0,0,0,1,-8.786414,-36.133446
CCC1OCOC1CC,0,0,0,1,-43.820324,-40.12816
CCCC1OCOC1C,0,0,0,1,-43.125637,-41.288807
CCC1CC(C)OCO1,0,0,0,1,-14.129015,-15.106565
CCCC1CCOCO1,0,0,0,1,-29.436544,-54.81239
COCOC1CCOC1,0,0,0,1,-4.6361594,-35.418617
COCC1OCOC1C,0,0,0,1,-42.824783,-41.998062
CCC1OCOC1OC,0,0,0,1,-44.988903,-39.372055
COCC1CCOCO1,0,0,0,1,-28.920015,-53.310623
CC(C)CC1COCO1,0,0,0,1,-25.202932,-55.214684
CCCCC1COCO1,0,0,0,1,-24.793655,-53.636585
COCCC1COCO1,0,0,0,1,-26.786201,-53.067215
COC1CC(C)OCO1,0,0,0,1,-13.83192,-16.043732
CCOC1OCOC1C,0,0,0,1,-47.259834,-40.01747
CCOCC1COCO1,0,0,0,1,-26.631998,-53.995327
COC1CCCC1(C)C,0,0,0,1,5.657087,9.681981
COC1COCC1(C)C,0,0,0,1,7.9111657,7.886645
COC1C(C)CCC1C,0,0,0,1,-49.504936,-22.451855
COC1CCC(C)C1C,0,0,0,1,-49.349686,-23.179913
CCC1CCCC1OC,0,0,0,1,-51.019073,-25.511543
COC1CCCCC1C,0,0,0,1,-49.43794,-24.730577
COC1CCOCC1C,0,0,0,1,-44.32677,-26.74713
COC1CC(C)CC1C,0,0,0,1,-47.98025,-23.798826
CCC1COCC1OC,0,0,0,1,-43.192013,-28.98851
COC1COCCC1C,0,0,0,1,-44.30772,-26.743685
COC(C)C1CCCC1,0,0,0,1,8.279752,-48.67243
COC(C)C1CCOC1,0,0,0,1,7.340277,-48.408943
COC1CCCC1OC,0,0,0,1,-50.482254,-25.194532
COC1COCC1OC,0,0,0,1,-44.47136,-28.230865
COC1CCC(C)(C)C1,0,0,0,1,-17.716562,1.208667
COC1CCCC(C)C1,0,0,0,1,-19.769493,-2.5681703
COC1CC(C)C(C)C1,0,0,0,1,-21.419811,-2.0222414
CCC1CCC(OC)C1,0,0,0,1,-20.575294,-0.7335696
COC1CCC(C)CC1,0,0,0,1,-19.143063,-1.8057688
COC1CCC(OC)C1,0,0,0,1,-20.30052,-1.3666134
COC1CCOC1OC,0,0,0,1,-52.335243,-36.550488
COC1COCC(C)C1,0,0,0,1,-5.299181,-26.21841
COC1COC(OC)C1,0,0,0,1,-12.708542,-20.990799
COC(C)C1OCCO1,0,0,0,1,7.0909643,-56.408585
COC1COC(C)OC1,0,0,0,1,-10.179085,-22.068192
CCC1(OC)OCCO1,0,0,0,1,3.0329514,42.61966
COC1(OC)CCCO1,0,0,0,1,1.328683,37.113514
COC1(C)OCCCO1,0,0,0,1,0.28139302,42.084053
CCOC1(C)OCCO1,0,0,0,1,0.9714004,40.47494
COC1(OC)COCO1,0,0,0,1,0.4215985,32.328976
COC1(C)OCOCO1,0,0,0,1,-0.6213126,42.385246
COC1CCOC(C)O1,0,0,0,1,-27.481615,-16.707502
CCC1OCOC(C)O1,0,0,0,1,-25.76486,-10.057965
CCC1OCC(OC)O1,0,0,0,1,-25.234436,-17.829996
COC1CCC(OC)O1,0,0,0,1,-31.525013,-15.74277
CCOC1COC(C)O1,0,0,0,1,-26.920927,-15.591449
CC1OC(C)OC(C)O1,0,0,0,1,-31.661753,-7.098491
CC(C)(C)C1OCCO1,0,0,0,1,-18.616282,-35.115364
COC1OCCC1(C)C,0,0,0,1,5.1588807,-0.018228166
COC1OCCCC1C,0,0,0,1,-50.61178,-37.687878
CC(C)C1OCCCO1,0,0,0,1,7.1381593,-57.792072
CCOC1OCCC1C,0,0,0,1,-50.24128,-36.588974
CCC(C)C1OCCO1,0,0,0,1,8.272666,-56.947445
COC1OCC(C)C1C,0,0,0,1,-46.535446,-34.41153
COC1CCC(C)CO1,0,0,0,1,-15.13063,-19.298334
CCC1OCC(C)CO1,0,0,0,1,-23.293285,-20.621645
CCCOC1CCCO1,0,0,0,1,-18.939428,-41.383305
CCC1CCOC1OC,0,0,0,1,-53.036854,-37.877346
COC1CC(C)CCO1,0,0,0,1,-15.538686,-20.317348
CCCC1OCCCO1,0,0,0,1,-31.837568,-43.405193
CCOC1CC(C)CO1,0,0,0,1,-16.439775,-18.9031
CCOC1CCCCO1,0,0,0,1,-18.301888,-41.834797
CCOC1CCOCO1,0,0,0,1,-18.561312,-44.789722
CC(C)CC1OCCO1,0,0,0,1,-34.125813,-45.85335
CCCCC1OCCO1,0,0,0,1,-31.082895,-43.679142
COCCC1OCCO1,0,0,0,1,-29.863663,-45.347733
CCCOC1COCO1,0,0,0,1,-16.995228,-46.1136
COCC1OCCCO1,0,0,0,1,-29.56655,-46.829315
CCOC1COCCO1,0,0,0,1,-18.3094,-46.675125
CCOCC1OCCO1,0,0,0,1,-30.898485,-47.032967
COC1CC(C)(C)CO1,0,0,0,1,0.66915184,-6.796815
CC1OCC(C)(C)CO1,0,0,0,1,-1.435704,-5.4840546
CCC1COC(OC)C1,0,0,0,1,-14.01357,-22.133121
CCC1COC(C)OC1,0,0,0,1,-14.90268,-27.437742
COCOC1CCCO1,0,0,0,1,-18.50048,-40.677826
COC1COC(OC)O1,0,0,0,1,-24.72447,-16.015562
COC1OCOC(C)O1,0,0,0,1,-24.561918,-10.760151
COC1OCOCC1C,0,0,0,1,-45.358414,-31.225473
CC(C)C1OCOCO1,0,0,0,1,6.42854,-58.215897
CCCC1OCOCO1,0,0,0,1,-32.57838,-42.05922
COCOC1COCO1,0,0,0,1,-16.61595,-46.707684
COC1OCOC1OC,0,0,0,1,-46.35152,-38.93408
COCC1OCOCO1,0,0,0,1,-28.834318,-47.139393
CC1COCC(C)(C)C1,0,0,0,1,3.1494381,-5.719788
CC1CCOCC1(C)C,0,0,0,1,6.8124967,5.8150687
CCC1(C)CCCOC1,0,0,0,1,2.233505,26.648378
CC1(C)COCC1(C)C,0,0,0,1,-1.9728794,27.847681
CCC1(C)COCC1C,0,0,0,1,8.247637,6.215747
CC1COCC(C)C1C,0,0,0,1,-39.09595,-26.191555
CCC1COCC(C)C1,0,0,0,1,-6.275516,-26.888342
CCC1COCC1(C)C,0,0,0,1,8.838992,7.138398
CC(C)C1(C)CCOC1,0,0,0,1,-4.931512,25.188038
CC1COCCC1(C)C,0,0,0,1,7.6374493,5.301094
CC(C)C1CCCOC1,0,0,0,1,5.6024466,-48.807697
CCC1(CC)CCOC1,0,0,0,1,2.309457,25.234493
CCC1COCCC1C,0,0,0,1,-39.68061,-29.609941
CCOCC1CCCC1,0,0,0,1,-8.911473,-45.537888
CCOCC1CCOC1,0,0,0,1,-6.2247524,-45.627533
CCCC1(C)CCOC1,0,0,0,1,3.490026,26.23655
CCC1CCOCC1C,0,0,0,1,-39.642464,-29.631021
CCCC1CCCOC1,0,0,0,1,-2.9744146,-45.052624
COCC1(C)CCOC1,0,0,0,1,4.414224,25.56702
COCC1CCCOC1,0,0,0,1,-6.1576805,-43.90014
CC(C)C1COCC1C,0,0,0,1,-38.974094,-25.267054
CCC1COCC1CC,0,0,0,1,-40.229996,-30.992517
CCCC1COCC1C,0,0,0,1,-38.953545,-31.133652
COCC1COCC1C,0,0,0,1,-37.665016,-31.522734
CC(C)(C)C1CCOC1,0,0,0,1,3.1719563,-40.329758
CCC(C)C1CCOC1,0,0,0,1,6.3834834,-47.695305
CCC1(C)CCOCC1,0,0,0,1,2.981107,27.040161
CC(C)CC1CCOC1,0,0,0,1,-2.857938,-47.791367
CC(C)C1CCOCC1,0,0,0,1,5.270602,-47.983013
CCCCC1CCOC1,0,0,0,1,-2.4259346,-44.37285
CCCC1CCOCC1,0,0,0,1,-1.5913862,-45.133644
COCCC1CCOC1,0,0,0,1,-4.936397,-44.555653
COCC1CCOCC1,0,0,0,1,-7.060782,-44.042126
COC1(OC)OCCO1,0,0,0,1,1.6142682,42.68381
COC1OCC(C)CO1,0,0,0,1,-21.651485,-13.766681
CCCOC1OCCO1,0,0,0,1,-22.662989,-41.783688
CCOC1OCCCO1,0,0,0,1,-23.443464,-42.415443
CCOC1OCOCO1,0,0,0,1,-23.642406,-43.193336
COCOC1OCCO1,0,0,0,1,-23.18811,-41.014297
CCC1(C)COCOC1,0,0,0,1,1.4089104,27.631271
CC(C)C1COCOC1,0,0,0,1,4.763735,-49.950954
CCCC1COCOC1,0,0,0,1,-2.8708375,-41.83111
COCC1COCOC1,0,0,0,1,-6.1836853,-42.736717
COCC1(C)CCCC1,0,0,0,1,5.2042403,25.012306
COCC1CCCC1C,0,0,0,1,-36.788082,-31.900347
COCC1CCC(C)C1,0,0,0,1,-9.512933,-43.125484
COCC1CCCCC1,0,0,0,1,-9.408726,-44.32532
COCCC1CCCC1,0,0,0,1,-10.468501,-44.783127
CC(C)=O,1,0,0,0,65.33006,18.942917
CCC(C)=O,1,0,0,0,70.186005,31.033375
COC(C)=O,1,0,0,0,65.40237,17.173883
CC(=O)C(C)C,1,0,0,0,25.923267,25.87564
CCC(=O)CC,1,0,0,0,70.90513,32.221233
CCCC(C)=O,1,0,0,0,68.88237,30.418598
COCC(C)=O,1,0,0,0,59.51949,27.326107
CCC(=O)OC,1,0,0,0,52.205555,37.050316
CCOC(C)=O,1,0,0,0,46.169476,25.768642
COC(=O)OC,1,0,0,0,65.70173,16.708355
O=C1CCCC1,0,1,0,0,-25.341963,34.742268
O=C1CCOC1,0,1,0,0,-22.145828,35.76737
O=C1CCCO1,0,1,0,0,-23.29973,40.218224
O=C1COCO1,0,1,0,0,-20.810862,38.77931
O=C1OCCO1,0,1,0,0,-20.723686,41.85909
CC(=O)C(C)(C)C,1,0,0,0,74.32021,18.00378
CCC(=O)C(C)C,1,0,0,0,28.098946,37.837875
CCC(C)C(C)=O,1,0,0,0,24.383255,30.248167
COC(C)C(C)=O,1,0,0,0,27.222242,22.594534
CCCC(=O)CC,1,0,0,0,69.6003,33.80957
CCC(=O)COC,1,0,0,0,61.31225,37.816387
CC(=O)CC(C)C,1,0,0,0,50.9509,6.128654
CCCCC(C)=O,1,0,0,0,68.03437,30.199461
COCCC(C)=O,1,0,0,0,62.912643,28.553392
CCOCC(C)=O,1,0,0,0,57.072502,28.311611
COC(=O)C(C)C,1,0,0,0,33.374603,24.35352
CCCC(=O)OC,1,0,0,0,52.245296,38.040386
CCOC(=O)CC,1,0,0,0,47.56769,30.474997
COCC(=O)OC,1,0,0,0,54.249508,32.07373
CC(=O)OC(C)C,1,0,0,0,33.778515,16.445568
CCCOC(C)=O,1,0,0,0,47.935028,25.078035
COCOC(C)=O,1,0,0,0,50.853043,26.836975
CCOC(=O)OC,1,0,0,0,41.80487,27.214756
CC1CCCC1=O,0,1,0,0,-42.21969,38.89042
CC1COCC1=O,0,1,0,0,-50.937843,36.139523
CC1OCCC1=O,0,1,0,0,-50.7641,24.085892
CC1CCC(=O)C1,0,1,0,0,-33.624744,27.375454
O=C1CCCCC1,0,1,0,0,-25.353313,34.73569
O=C1CCOCC1,0,1,0,0,-22.709124,35.782433
CC1CC(=O)CO1,0,1,0,0,-52.948605,6.0593157
O=C1CCCOC1,0,1,0,0,-21.89218,35.599495
O=C1COCOC1,0,1,0,0,-21.112192,36.84699
CC1CCOC1=O,0,1,0,0,-64.61227,31.864302
CC1OCOC1=O,0,1,0,0,-59.70969,24.011652
CC1COC(=O)C1,0,1,0,0,-68.72444,18.01211
O=C1CCCCO1,0,1,0,0,-23.329306,40.22075
O=C1CCOCO1,0,1,0,0,-21.523626,39.112904
CC1CCC(=O)O1,0,1,0,0,-63.241615,1.0598974
O=C1COCCO1,0,1,0,0,-20.505487,38.71619
CC1OCC(=O)O1,0,1,0,0,-51.56793,1.2415426
CC1COC(=O)O1,0,1,0,0,-71.63793,9.373736
O=C1OCCCO1,0,1,0,0,-20.816854,41.980186
O=C1OCOCO1,0,1,0,0,-20.4124,40.870102
CCC(=O)C(C)(C)C,1,0,0,0,71.71709,23.507685
CCC(C)(C)C(C)=O,1,0,0,0,74.65249,20.757492
COC(C)(C)C(C)=O,1,0,0,0,72.2756,18.540482
CC(C)C(=O)C(C)C,1,0,0,0,26.716106,26.276583
CCC(=O)C(C)CC,1,0,0,0,28.409678,36.16422
CCCC(=O)C(C)C,1,0,0,0,30.03176,38.270596
COCC(=O)C(C)C,1,0,0,0,33.878525,38.379498
CC(=O)C(C)C(C)C,1,0,0,0,25.33257,25.521572
CCC(CC)C(C)=O,1,0,0,0,20.796686,30.095148
CCCC(C)C(C)=O,1,0,0,0,24.338638,31.618824
COCC(C)C(C)=O,1,0,0,0,27.56837,31.575262
CCC(=O)C(C)OC,1,0,0,0,32.960342,35.017338
CCC(OC)C(C)=O,1,0,0,0,21.263765,23.47528
CCOC(C)C(C)=O,1,0,0,0,29.21017,20.367886
CCC(=O)CC(C)C,1,0,0,0,54.592506,12.360437
CCCC(=O)CCC,1,0,0,0,68.76049,34.141613
CCCCC(=O)CC,1,0,0,0,69.98353,35.029182
CCC(=O)CCOC,1,0,0,0,65.138916,35.52499
CCCC(=O)COC,1,0,0,0,63.499985,37.974464
CCOCC(=O)CC,1,0,0,0,60.396416,35.59739
CC(=O)CC(C)(C)C,1,0,0,0,74.75027,27.99205
CCC(C)CC(C)=O,1,0,0,0,49.424397,6.4448805
COC(C)CC(C)=O,1,0,0,0,50.34436,10.144644
CC(=O)CCC(C)C,1,0,0,0,54.031334,8.721522
CCCCCC(C)=O,1,0,0,0,67.723755,30.096003
COCCCC(C)=O,1,0,0,0,63.75877,28.375729
CCOCCC(C)=O,1,0,0,0,62.484768,31.2016
COC(OC)C(C)=O,1,0,0,0,24.458393,20.951756
COCC(=O)COC,1,0,0,0,61.605663,37.94797
CC(=O)COC(C)C,1,0,0,0,55.90122,20.474804
CCCOCC(C)=O,1,0,0,0,58.481983,30.31304
COCOCC(C)=O,1,0,0,0,59.048126,28.195938
COC(=O)C(C)(C)C,1,0,0,0,70.14059,19.932398
CCC(C)C(=O)OC,1,0,0,0,31.744272,29.437704
CCOC(=O)C(C)C,1,0,0,0,35.735695,27.753576
COC(=O)C(C)OC,1,0,0,0,32.91241,25.246923
COC(=O)CC(C)C,1,0,0,0,50.372463,14.039188
CCCC(=O)OCC,1,0,0,0,48.456707,35.65488
CCCCC(=O)OC,1,0,0,0,52.30119,38.775574
COCCC(=O)OC,1,0,0,0,54.521385,38.408443
CCC(=O)OC(C)C,1,0,0,0,39.4488,15.201439
CCCOC(=O)CC,1,0,0,0,46.554436,32.866673
CCC(=O)OCOC,1,0,0,0,48.292507,32.43249
CCOC(=O)COC,1,0,0,0,51.47423,32.933296
CCOCC(=O)OC,1,0,0,0,54.57028,33.726204
CC(=O)OC(C)(C)C,1,0,0,0,69.01668,15.556019
CCC(C)OC(C)=O,1,0,0,0,36.192398,12.161639
COC(C)OC(C)=O,1,0,0,0,34.78924,15.257003
CC(=O)OCC(C)C,1,0,0,0,46.266563,19.640543
CCCCOC(C)=O,1,0,0,0,48.250107,24.39654
COCCOC(C)=O,1,0,0,0,50.189323,24.153913
CCOCOC(C)=O,1,0,0,0,47.857662,27.189875
COC(=O)OC(C)C,1,0,0,0,36.16565,16.556675
CCOC(=O)OCC,1,0,0,0,41.67809,26.45022
CCCOC(=O)OC,1,0,0,0,42.326702,30.283289
COCOC(=O)OC,1,0,0,0,40.54683,28.472889
CC1(C)CCCC1=O,0,1,0,0,-12.548138,65.66829
CC1(C)COCC1=O,0,1,0,0,-12.910896,59.618156
CC1(C)OCCC1=O,0,1,0,0,-8.748321,56.498898
CC1CCC(C)C1=O,0,1,0,0,-45.28477,34.359543
CC1COC(C)C1=O,0,1,0,0,-48.56298,29.863388
CC1CCC(=O)C1C,0,1,0,0,-38.787884,39.7771
CCC1CCCC1=O,0,1,0,0,-44.171738,43.41066
CC1CCCCC1=O,0,1,0,0,-42.23441,38.720585
CC1COCCC1=O,0,1,0,0,-51.143715,35.37039
CC1CC(=O)C(C)C1,0,1,0,0,-38.242287,32.566425
CC1OCC(=O)C1C,0,1,0,0,-48.60678,21.053816
CCC1COCC1=O,0,1,0,0,-53.513184,39.798058
CC1CCOCC1=O,0,1,0,0,-52.119137,36.59824
CC(=O)C1CCCC1,0,1,0,0,-9.252172,-66.63316
CC(=O)C1CCOC1,0,1,0,0,-9.296501,-64.12293
CCC1OCCC1=O,0,1,0,0,-54.09507,21.805212
COC1CCCC1=O,0,1,0,0,-45.55475,40.406723
CC1OCCCC1=O,0,1,0,0,-50.824677,24.189674
CC1CC(=O)C(C)O1,0,1,0,0,-41.977287,18.037199
COC1COCC1=O,0,1,0,0,-54.619877,36.20495
CC1OCOCC1=O,0,1,0,0,-53.291157,28.627983
CC(=O)C1CCCO1,0,1,0,0,-15.50356,-59.517715
CC(=O)C1COCO1,0,1,0,0,-13.157498,-61.02689
CC1(C)CCC(=O)C1,0,1,0,0,-7.739075,69.281296
CC1CCCC(=O)C1,0,1,0,0,-33.16036,27.354828
CC1CC(=O)CCO1,0,1,0,0,-53.577225,7.17885
CC1CC(=O)CC1C,0,1,0,0,-36.648655,26.442863
CCC1CCC(=O)C1,0,1,0,0,-31.521278,22.61314
CC1CCC(=O)CC1,0,1,0,0,-33.833645,27.859865
COC1CCC(=O)C1,0,1,0,0,-29.49152,26.39168
COC1OCCC1=O,0,1,0,0,-53.623394,25.275465
CC1(C)CC(=O)CO1,0,1,0,0,-1.8400023,57.06746
CC1COCC(=O)C1,0,1,0,0,-64.57116,12.1465
CCC1CC(=O)CO1,0,1,0,0,-57.998165,5.106327
CC1CCC(=O)CO1,0,1,0,0,-53.84833,5.601217
COC1CC(=O)CO1,0,1,0,0,-55.84334,8.406576
CC(=O)C1OCCO1,0,1,0,0,-18.765982,-61.551014
CC1OCC(=O)CO1,0,1,0,0,-52.455147,3.8081462
CC1(C)CCOC1=O,0,1,0,0,-9.104148,62.342278
CC1(C)OCOC1=O,0,1,0,0,-6.7654314,59.606163
CC1COC(=O)C1C,0,1,0,0,-66.86761,28.355536
CCC1CCOC1=O,0,1,0,0,-63.326027,35.99168
CC1CCCOC1=O,0,1,0,0,-64.35559,31.857834
CC1COCOC1=O,0,1,0,0,-58.77219,36.15315
CC1CC(C)C(=O)O1,0,1,0,0,-48.341507,13.236283
CCC1OCOC1=O,0,1,0,0,-59.959415,27.262794
COC1CCOC1=O,0,1,0,0,-61.201504,33.45488
CC1OCCOC1=O,0,1,0,0,-60.114338,24.429634
CC1OC(=O)C(C)O1,0,1,0,0,-37.70505,10.550243
CC1(C)COC(=O)C1,0,1,0,0,-3.411648,66.26296
CC1CCOC(=O)C1,0,1,0,0,-67.87143,17.00988
CC1CC(=O)OCO1,0,1,0,0,-58.309284,10.960574
CC1CC(=O)OC1C,0,1,0,0,-45.442074,5.997388
CC1CCCC(=O)O1,0,1,0,0,-63.358353,1.3191831
CCC1COC(=O)C1,0,1,0,0,-68.9534,14.31936
CC1CCC(=O)OC1,0,1,0,0,-69.53664,17.49776
CC1OCCC(=O)O1,0,1,0,0,-52.66019,0.17588408
COC1COC(=O)C1,0,1,0,0,-64.96768,15.6258745
CC1(C)CCC(=O)O1,0,1,0,0,2.4268417,63.18637
CCC1CCC(=O)O1,0,1,0,0,-66.58743,1.2261524
COC1CCC(=O)O1,0,1,0,0,-64.66476,4.3292136
COC1OCOC1=O,0,1,0,0,-56.994198,26.604418
CC1COCC(=O)O1,0,1,0,0,-64.632614,8.665037
CC1COC(=O)CO1,0,1,0,0,-58.731327,7.66808
CC1(C)OCC(=O)O1,0,1,0,0,1.5274729,59.080345
CCC1OCC(=O)O1,0,1,0,0,-51.65182,-2.6411147
COC1OCC(=O)O1,0,1,0,0,-54.368153,0.58231103
CC1(C)COC(=O)O1,0,1,0,0,-1.7283096,63.212803
CC1CCOC(=O)O1,0,1,0,0,-70.97667,8.709032
CC1OCOC(=O)O1,0,1,0,0,-55.821804,-3.274151
CC1OC(=O)OC1C,0,1,0,0,-40.92664,8.656055
CCC1COC(=O)O1,0,1,0,0,-71.51553,5.770876
CC1COC(=O)OC1,0,1,0,0,-71.25545,17.63445
COC1COC(=O)O1,0,1,0,0,-68.48722,7.2910156
CC(C)C(=O)C(C)(C)C,1,0,0,0,27.678305,26.386381
CCC(=O)C(C)(C)CC,1,0,0,0,72.36042,22.916912
CCCC(=O)C(C)(C)C,1,0,0,0,71.538445,24.077126
COCC(=O)C(C)(C)C,1,0,0,0,69.270775,24.885305
CC(=O)C(C)(C)C(C)C,1,0,0,0,74.69642,17.429657
CCC(C)(CC)C(C)=O,1,0,0,0,74.34047,20.189991
CCCC(C)(C)C(C)=O,1,0,0,0,74.84274,21.145063
COCC(C)(C)C(C)=O,1,0,0,0,75.71394,20.733028
CCC(=O)C(C)(C)OC,1,0,0,0,71.46927,22.32254
CCC(C)(OC)C(C)=O,1,0,0,0,73.3077,19.674986
CCOC(C)(C)C(C)=O,1,0,0,0,72.0243,17.619892
CCC(C)C(=O)C(C)C,1,0,0,0,26.329546,28.302828
COC(C)C(=O)C(C)C,1,0,0,0,27.964624,24.115467
CCC(=O)C(C)C(C)C,1,0,0,0,27.683998,37.70876
CCC(=O)C(CC)CC,1,0,0,0,26.890114,36.527374
CCCC(=O)C(C)CC,1,0,0,0,29.65209,36.845093
CCCC(C)C(=O)CC,1,0,0,0,28.15674,35.518818
CCC(=O)C(C)COC,1,0,0,0,28.67966,33.304405
CC(C)CC(=O)C(C)C,1,0,0,0,28.235548,39.80916
CCCCC(=O)C(C)C,1,0,0,0,30.141191,38.541973
COCCC(=O)C(C)C,1,0,0,0,33.2599,39.61608
CCC(C)C(=O)COC,1,0,0,0,33.297302,38.05626
CCOCC(=O)C(C)C,1,0,0,0,35.007412,38.91454
CC(=O)C(C)C(C)(C)C,1,0,0,0,24.766394,25.66953
CCC(C(C)=O)C(C)C,1,0,0,0,23.359001,29.669298
CCC(C)C(C)C(C)=O,1,0,0,0,23.688963,28.696392
COC(C)C(C)C(C)=O,1,0,0,0,25.980673,23.188828
CCCC(CC)C(C)=O,1,0,0,0,20.87369,30.321957
CCC(COC)C(C)=O,1,0,0,0,20.35029,29.689444
CC(=O)C(C)CC(C)C,1,0,0,0,25.203838,30.596817
CCCCC(C)C(C)=O,1,0,0,0,24.253056,31.824547
COCCC(C)C(C)=O,1,0,0,0,27.601252,31.634592
CCOCC(C)C(C)=O,1,0,0,0,26.518246,31.310894
COC(C)(OC)C(C)=O,1,0,0,0,72.63781,18.672104
CCC(=O)C(CC)OC,1,0,0,0,32.07822,32.77795
CCCC(=O)C(C)OC,1,0,0,0,32.867737,35.592167
CCOC(C)C(=O)CC,1,0,0,0,33.9516,34.128166
COCC(=O)C(C)OC,1,0,0,0,33.78526,37.325733
COC(C(C)=O)C(C)C,1,0,0,0,26.224771,22.211758
CCCC(OC)C(C)=O,1,0,0,0,20.932571,23.575327
CCOC(CC)C(C)=O,1,0,0,0,21.782482,22.58615
COCC(OC)C(C)=O,1,0,0,0,20.95695,24.209013
CC(=O)C(C)OC(C)C,1,0,0,0,27.766098,22.099012
CCCOC(C)C(C)=O,1,0,0,0,29.375332,20.301079
COCOC(C)C(C)=O,1,0,0,0,28.688997,20.007198
CCC(=O)CC(C)(C)C,1,0,0,0,72.18627,31.537018
CCCC(=O)CC(C)C,1,0,0,0,55.218777,12.812168
CCC(=O)CC(C)CC,1,0,0,0,53.863922,12.237607
CCC(=O)CC(C)OC,1,0,0,0,51.97613,11.785786
CCCCC(=O)CCC,1,0,0,0,68.75332,34.62021
CCCC(=O)CCOC,1,0,0,0,65.459404,36.344746
CCC(=O)CCC(C)C,1,0,0,0,55.259815,10.753244
CCCCCC(=O)CC,1,0,0,0,70.138535,35.102016
CCC(=O)CCCOC,1,0,0,0,65.28068,35.14174
CCOCCC(=O)CC,1,0,0,0,63.460686,33.655132
CCC(=O)C(OC)OC,1,0,0,0,32.232418,34.00989
COCC(=O)CC(C)C,1,0,0,0,61.38914,39.15724
CCCCC(=O)COC,1,0,0,0,63.610382,38.21552
CCCC(=O)COCC,1,0,0,0,61.244602,35.575996
COCCC(=O)COC,1,0,0,0,64.224556,37.12223
CCC(=O)COC(C)C,1,0,0,0,57.144516,20.917547
CCCOCC(=O)CC,1,0,0,0,59.566544,34.97068
CCC(=O)COCOC,1,0,0,0,59.61201,36.52006
CCC(C)(C)CC(C)=O,1,0,0,0,75.21086,27.604156
COC(C)(C)CC(C)=O,1,0,0,0,74.51283,27.298029
CC(=O)CC(C)C(C)C,1,0,0,0,51.02677,6.0139008
CCC(CC)CC(C)=O,1,0,0,0,49.427376,7.2080026
CCCC(C)CC(C)=O,1,0,0,0,49.334705,6.087108
COCC(C)CC(C)=O,1,0,0,0,48.00825,5.902171
CCC(CC(C)=O)OC,1,0,0,0,48.642727,8.982386
CCOC(C)CC(C)=O,1,0,0,0,50.130993,10.36997
CC(=O)CCC(C)(C)C,1,0,0,0,74.99604,28.887484
CCC(C)CCC(C)=O,1,0,0,0,53.335083,7.9723454
COC(C)CCC(C)=O,1,0,0,0,52.06429,9.387517
CC(=O)CCCC(C)C,1,0,0,0,54.2923,8.711827
CCCCCCC(C)=O,1,0,0,0,67.612656,30.053677
COCCCCC(C)=O,1,0,0,0,63.86097,28.302864
CCOCCCC(C)=O,1,0,0,0,62.869946,31.241903
COC(CC(C)=O)OC,1,0,0,0,49.22061,9.3854685
CC(=O)CCOC(C)C,1,0,0,0,54.43162,21.269009
CCCOCCC(C)=O,1,0,0,0,61.775097,30.857512
COCOCCC(C)=O,1,0,0,0,62.162148,28.922335
CCOC(OC)C(C)=O,1,0,0,0,24.27213,20.859138
CCOCC(=O)COC,1,0,0,0,61.216377,36.924755
CC(=O)COC(C)(C)C,1,0,0,0,59.657944,26.374002
CCC(C)OCC(C)=O,1,0,0,0,56.016273,19.656702
COC(C)OCC(C)=O,1,0,0,0,55.59966,20.044098
CC(=O)COCC(C)C,1,0,0,0,56.40599,26.715473
CCCCOCC(C)=O,1,0,0,0,58.41464,30.351765
COCCOCC(C)=O,1,0,0,0,59.103794,28.905405
CCOCOCC(C)=O,1,0,0,0,57.1332,28.353294
CCC(C)(C)C(=O)OC,1,0,0,0,70.40893,20.61965
CCOC(=O)C(C)(C)C,1,0,0,0,43.456615,25.562738
COC(=O)C(C)(C)OC,1,0,0,0,70.44006,19.66167
COC(=O)C(C)C(C)C,1,0,0,0,33.53961,24.141706
CCC(CC)C(=O)OC,1,0,0,0,32.358124,30.111303
CCOC(=O)C(C)CC,1,0,0,0,34.606377,28.32875
CCCC(C)C(=O)OC,1,0,0,0,31.294462,29.286097
COCC(C)C(=O)OC,1,0,0,0,29.923021,30.388876
CC(C)OC(=O)C(C)C,1,0,0,0,34.66932,18.832754
CCCOC(=O)C(C)C,1,0,0,0,36.461334,27.850906
COCOC(=O)C(C)C,1,0,0,0,39.196514,28.694292
CCC(OC)C(=O)OC,1,0,0,0,32.294865,31.231098
CCOC(=O)C(C)OC,1,0,0,0,34.432156,26.731615
CCOC(C)C(=O)OC,1,0,0,0,32.22098,26.397968
COC(=O)CC(C)(C)C,1,0,0,0,73.09894,28.70793
CCOC(=O)CC(C)C,1,0,0,0,49.38138,15.3641615
CCC(C)CC(=O)OC,1,0,0,0,50.066574,13.66479
COC(=O)CC(C)OC,1,0,0,0,50.55196,12.949467
CCCC(=O)OC(C)C,1,0,0,0,39.99976,15.226196
CCCCC(=O)OCC,1,0,0,0,48.50115,36.15034
CCCOC(=O)CCC,1,0,0,0,47.56102,34.64346
CCCC(=O)OCOC,1,0,0,0,48.560226,34.142815
COC(=O)CCC(C)C,1,0,0,0,51.301857,14.682191
CCCCCC(=O)OC,1,0,0,0,52.311676,38.898346
COCCCC(=O)OC,1,0,0,0,54.44769,38.69846
CCOC(=O)CCOC,1,0,0,0,49.80583,36.117455
CCOCCC(=O)OC,1,0,0,0,54.970318,37.23845
CCC(=O)OC(C)(C)C,1,0,0,0,67.980385,14.431505
CCC(=O)OC(C)CC,1,0,0,0,38.438805,14.059063
CCC(=O)OC(C)OC,1,0,0,0,38.483707,15.246933
CCC(=O)OCC(C)C,1,0,0,0,44.571247,19.622547
CCCCOC(=O)CC,1,0,0,0,46.187477,32.70356
CCC(=O)OCCOC,1,0,0,0,47.41997,32.37118
CCOCOC(=O)CC,1,0,0,0,47.51169,30.00131
COC(=O)C(OC)OC,1,0,0,0,32.19781,24.542774
COCC(=O)OC(C)C,1,0,0,0,40.272854,16.267927
CCOCC(=O)OCC,1,0,0,0,52.92235,33.588932
CCCOC(=O)COC,1,0,0,0,50.75911,32.975967
COCOC(=O)COC,1,0,0,0,51.28307,32.393517
COC(=O)COC(C)C,1,0,0,0,56.48596,21.593304
CCCOCC(=O)OC,1,0,0,0,55.087242,33.805813
COCOCC(=O)OC,1,0,0,0,54.83552,32.34299
CCC(C)(C)OC(C)=O,1,0,0,0,69.7062,15.41168
COC(C)(C)OC(C)=O,1,0,0,0,69.107,15.950174
CC(=O)OC(C)C(C)C,1,0,0,0,33.51664,16.36892
CCC(CC)OC(C)=O,1,0,0,0,34.842743,12.01801
CCCC(C)OC(C)=O,1,0,0,0,36.20555,11.991239
COCC(C)OC(C)=O,1,0,0,0,36.585392,11.268911
CCC(OC)OC(C)=O,1,0,0,0,34.249577,11.967728
CCOC(C)OC(C)=O,1,0,0,0,33.064285,13.9272585
CC(=O)OCC(C)(C)C,1,0,0,0,45.80137,24.83477
CCC(C)COC(C)=O,1,0,0,0,46.670475,18.829597
COC(C)COC(C)=O,1,0,0,0,46.3936,19.479738
CC(=O)OCCC(C)C,1,0,0,0,47.387394,20.776472
CCCCCOC(C)=O,1,0,0,0,48.283047,24.281052
COCCCOC(C)=O,1,0,0,0,50.163727,24.071308
CCOCCOC(C)=O,1,0,0,0,47.37975,26.252611
COC(OC)OC(C)=O,1,0,0,0,34.415447,14.80148
CC(=O)OCOC(C)C,1,0,0,0,53.383827,21.76739
CCCOCOC(C)=O,1,0,0,0,48.468353,26.920675
COCOCOC(C)=O,1,0,0,0,50.81444,26.900629
COC(=O)OC(C)(C)C,1,0,0,0,66.803825,16.149189
CCOC(=O)OC(C)C,1,0,0,0,40.522778,25.326025
CCC(C)OC(=O)OC,1,0,0,0,37.31785,13.349871
COC(=O)OC(C)OC,1,0,0,0,35.832424,15.888299
CCCOC(=O)OCC,1,0,0,0,41.809174,26.130495
CCOC(=O)OCOC,1,0,0,0,40.77807,27.44315
COC(=O)OCC(C)C,1,0,0,0,45.110386,20.301308
CCCCOC(=O)OC,1,0,0,0,42.55048,30.450884
COCCOC(=O)OC,1,0,0,0,41.602364,30.304834
CCOCOC(=O)OC,1,0,0,0,42.18401,28.241367
CC1CCC(C)(C)C1=O,0,1,0,0,-22.720263,58.01496
CC1OCC(C)(C)C1=O,0,1,0,0,-21.778828,58.049088
CC1CCC(=O)C1(C)C,0,1,0,0,-19.18648,54.455154
CCC1(C)CCCC1=O,0,1,0,0,-12.016566,65.02716
CC1(C)CCCCC1=O,0,1,0,0,-12.789041,65.68663
CC1(C)COCCC1=O,0,1,0,0,-12.2686615,59.30744
CC1CC(=O)C(C)(C)C1,0,1,0,0,-21.978098,53.78359
CC1OCC(=O)C1(C)C,0,1,0,0,-19.060246,55.248074
CCC1(C)COCC1=O,0,1,0,0,-13.575957,60.33097
CC1(C)CCOCC1=O,0,1,0,0,-13.254321,59.076332
CC(=O)C1(C)CCCC1,0,1,0,0,-8.516752,31.063543
CC(=O)C1(C)CCOC1,0,1,0,0,-8.47481,30.964716
CC1COC(C)(C)C1=O,0,1,0,0,-24.088778,57.26945
CCC1(C)OCCC1=O,0,1,0,0,-8.010052,55.89692
COC1(C)CCCC1=O,0,1,0,0,-11.867558,66.157715
CC1(C)OCCCC1=O,0,1,0,0,-9.094299,56.524372
CC1CC(=O)C(C)(C)O1,0,1,0,0,-22.240515,53.19649
COC1(C)COCC1=O,0,1,0,0,-12.793124,60.58133
CC1(C)OCOCC1=O,0,1,0,0,-10.84722,57.605854
CC(=O)C1(C)CCCO1,0,1,0,0,-8.057543,32.235046
CC(=O)C1(C)COCO1,0,1,0,0,-6.2664027,32.294437
CC1CC(C)C(C)C1=O,0,1,0,0,-46.19273,35.296295
CCC1CCC(C)C1=O,0,1,0,0,-44.35743,34.044773
CC1CCCC(C)C1=O,0,1,0,0,-45.24033,34.618065
CC1COCC(C)C1=O,0,1,0,0,-49.60456,34.353336
CC1OC(C)C(C)C1=O,0,1,0,0,-36.518696,9.238215
CCC1COC(C)C1=O,0,1,0,0,-48.04192,30.710592
CC1CCOC(C)C1=O,0,1,0,0,-49.420715,30.497711
CCC1OCC(C)C1=O,0,1,0,0,-47.243313,29.838253
COC1CCC(C)C1=O,0,1,0,0,-45.610725,33.532547
CC1C(=O)CCC1(C)C,0,1,0,0,-29.351282,55.04831
CC(C)C1CCCC1=O,0,1,0,0,-42.44394,40.037262
CC1CCCC(=O)C1C,0,1,0,0,-39.42814,39.7375
CC1OCCC(=O)C1C,0,1,0,0,-49.56519,21.82705
CCC1C(=O)CCC1C,0,1,0,0,-38.04872,40.760017
CCC1CCCCC1=O,0,1,0,0,-44.01066,43.252316
CCC(=O)C1CCCC1,0,1,0,0,-7.8027043,-66.136986
CCC1COCCC1=O,0,1,0,0,-52.49522,39.90308
CCC(=O)C1CCOC1,0,1,0,0,-8.185578,-64.60796
CC1CC(=O)C(C)C1C,0,1,0,0,-39.04581,27.070635
CCC1CC(C)CC1=O,0,1,0,0,-39.215214,31.901705
CC1CCC(C)C(=O)C1,0,1,0,0,-38.641457,32.8967
CCC1CCC(=O)C1C,0,1,0,0,-38.404816,40.805702
CCCC1CCCC1=O,0,1,0,0,-44.180973,43.93384
CC1CCC(=O)C(C)C1,0,1,0,0,-38.59986,34.184948
CC1CC(=O)C(C)CO1,0,1,0,0,-46.116978,27.091133
COC1CCC(=O)C1C,0,1,0,0,-38.18651,38.88312
COCC1CCCC1=O,0,1,0,0,-45.004726,43.72576
CC1CC(C)(C)CC1=O,0,1,0,0,-25.801617,57.036003
CCC1CC(=O)C(C)C1,0,1,0,0,-37.364384,33.00285
COC1CC(=O)C(C)C1,0,1,0,0,-37.226692,32.07387
COC1OCC(C)C1=O,0,1,0,0,-48.01052,28.591349
CC1C(=O)COC1(C)C,0,1,0,0,-30.100586,54.589714
CC(C)C1COCC1=O,0,1,0,0,-50.599533,37.577724
CC1COCC(=O)C1C,0,1,0,0,-50.445774,36.470097
CCC1C(=O)COC1C,0,1,0,0,-48.672615,20.007172
CCC1CCOCC1=O,0,1,0,0,-53.311375,38.92692
CCC1OCC(=O)C1C,0,1,0,0,-48.869614,20.135374
CCCC1COCC1=O,0,1,0,0,-53.801037,40.069984
CC1CC(C)C(=O)CO1,0,1,0,0,-45.852184,20.851912
COC1OCC(=O)C1C,0,1,0,0,-47.872498,21.477571
COCC1COCC1=O,0,1,0,0,-54.349632,40.31936
CC(=O)C1CCCC1C,0,1,0,0,-16.70064,-69.233154
CC(=O)C1COCC1C,0,1,0,0,-16.666275,-69.23226
CC(=O)C1CCOC1C,0,1,0,0,-18.760885,-68.353424
CC(=O)C1CCC(C)C1,0,1,0,0,-10.31427,-67.045395
CC(=O)C1CCCCC1,0,1,0,0,-9.229746,-66.659904
CC(=O)C1CCOCC1,0,1,0,0,-9.614978,-64.71936
CC(=O)C1COC(C)C1,0,1,0,0,-13.2045145,-65.190956
CC(=O)C1CCCOC1,0,1,0,0,-9.473527,-63.777557
CC(=O)C1COCOC1,0,1,0,0,-10.601346,-63.79238
COC1(C)OCCC1=O,0,1,0,0,-7.796122,56.763905
CC(=O)C1(C)OCCO1,0,1,0,0,-8.63784,32.286964
COC1COC(C)C1=O,0,1,0,0,-48.728794,29.623451
CC1OCOC(C)C1=O,0,1,0,0,-50.408207,29.58053
CC(C)C1OCCC1=O,0,1,0,0,-51.736095,22.999418
COC1C(=O)CCC1C,0,1,0,0,-37.84069,39.011127
COC1CCCCC1=O,0,1,0,0,-45.51039,40.253147
CCC1OCCCC1=O,0,1,0,0,-53.81003,22.05722
CCC(=O)C1CCCO1,0,1,0,0,-16.053669,-58.729164
CCC1OC(C)CC1=O,0,1,0,0,-42.134586,17.17624
CCCC1OCCC1=O,0,1,0,0,-54.296444,21.348206
COC1COCCC1=O,0,1,0,0,-54.56503,35.474346
CCC(=O)C1COCO1,0,1,0,0,-12.599295,-60.11936
COCC1OCCC1=O,0,1,0,0,-54.969673,21.608923
COC1CC(C)CC1=O,0,1,0,0,-38.223118,31.37207
CC1COC(C)C(=O)C1,0,1,0,0,-49.33849,25.240725
CCOC1CCCC1=O,0,1,0,0,-45.851574,41.079662
CC1CCC(=O)C(C)O1,0,1,0,0,-42.775356,18.272766
CC1OC(C)(C)CC1=O,0,1,0,0,-26.018173,56.01361
CCC1CC(=O)C(C)O1,0,1,0,0,-41.86965,18.90686
COC1CC(=O)C(C)O1,0,1,0,0,-41.0159,18.520042
COC1C(=O)COC1C,0,1,0,0,-47.605488,21.271273
COC1CCOCC1=O,0,1,0,0,-53.976616,36.353447
CCC1OCOCC1=O,0,1,0,0,-53.839664,28.70536
CCOC1COCC1=O,0,1,0,0,-55.119785,36.863087
CC1OCC(=O)C(C)O1,0,1,0,0,-45.996128,18.226862
CC(=O)C1OCCC1C,0,1,0,0,-19.024439,-68.22348
CC(=O)C1OCOC1C,0,1,0,0,-20.036486,-67.693855
CC(=O)C1CC(C)CO1,0,1,0,0,-14.551627,-64.31736
CC(=O)C1CCCCO1,0,1,0,0,-15.307072,-59.624043
CC(=O)C1CCOCO1,0,1,0,0,-14.054064,-60.740635
CC(=O)C1CCC(C)O1,0,1,0,0,-15.942788,-64.77804
CC(=O)C1COCCO1,0,1,0,0,-13.388057,-61.644333
CC(=O)C1COC(C)O1,0,1,0,0,-14.952963,-64.28837
CC1(C)CCCC(=O)C1,0,1,0,0,-8.267204,69.26158
CC1(C)CC(=O)CCO1,0,1,0,0,-2.7337868,57.220577
CC1CC(=O)CC1(C)C,0,1,0,0,-27.08607,51.867073
CC1CC(=O)CC(C)C1,0,1,0,0,-36.39577,28.191227
CCC1(C)CCC(=O)C1,0,1,0,0,-6.7685413,69.556335
CC1CCC(=O)CC1C,0,1,0,0,-35.38839,26.458914
CCC1CCCC(=O)C1,0,1,0,0,-31.721806,23.141087
CC1CC(=O)CC(C)O1,0,1,0,0,-42.51651,15.1552515
CCC1CC(=O)CCO1,0,1,0,0,-57.127846,5.650781
COC1(C)CCC(=O)C1,0,1,0,0,-7.5631895,70.229126
COC1CCCC(=O)C1,0,1,0,0,-29.88751,26.596
CCC1CC(=O)CC1C,0,1,0,0,-36.844486,25.597185
COC1CC(=O)CC1C,0,1,0,0,-37.14205,26.576443
CC(C)C1CCC(=O)C1,0,1,0,0,-33.64726,25.938414
CC1(C)CCC(=O)CC1,0,1,0,0,-7.5996385,68.80374
CCCC1CCC(=O)C1,0,1,0,0,-31.071905,22.185682
CCC1CCC(=O)CC1,0,1,0,0,-32.052338,22.29158
COCC1CCC(=O)C1,0,1,0,0,-30.39628,22.485117
COC1CCC(=O)CC1,0,1,0,0,-29.098148,26.722305
COC1CC(=O)CCO1,0,1,0,0,-54.68344,8.162009
CCOC1CCC(=O)C1,0,1,0,0,-29.319262,25.443102
COC1OC(C)CC1=O,0,1,0,0,-41.051567,17.34229
COC1OCCCC1=O,0,1,0,0,-53.477806,25.461737
CCC(=O)C1OCCO1,0,1,0,0,-18.624746,-59.86868
CCOC1OCCC1=O,0,1,0,0,-54.1262,24.64546
CC1(C)COCC(=O)C1,0,1,0,0,-5.770428,64.56514
CCC1(C)CC(=O)CO1,0,1,0,0,-1.940981,56.11733
CC1CC(=O)COC1C,0,1,0,0,-52.378994,5.609567
CCC1COCC(=O)C1,0,1,0,0,-65.12584,11.331224
COC1(C)CC(=O)CO1,0,1,0,0,-1.1269597,56.282013
COC1COCC(=O)C1,0,1,0,0,-64.31703,13.138405
CC(C)C1CC(=O)CO1,0,1,0,0,-51.690853,6.4133997
CC1(C)CCC(=O)CO1,0,1,0,0,-1.5630823,57.639404
CCCC1CC(=O)CO1,0,1,0,0,-58.367035,4.924845
CCC1CCC(=O)CO1,0,1,0,0,-57.139027,4.4976044
COCC1CC(=O)CO1,0,1,0,0,-58.81272,4.3103867
COC1CCC(=O)CO1,0,1,0,0,-55.824165,7.859064
CCOC1CC(=O)CO1,0,1,0,0,-55.855415,9.0639
CC(=O)CC1CCCC1,0,1,0,0,-4.692629,-50.321556
CC(=O)CC1CCOC1,0,1,0,0,-4.3161473,-49.64521
CC(=O)CC1CCCO1,0,1,0,0,-21.76228,-58.800526
CC(=O)CC1COCO1,0,1,0,0,-23.712454,-55.756783
CC(=O)CC1OCCO1,0,1,0,0,-21.19369,-59.348747
COC1OCOCC1=O,0,1,0,0,-53.767986,28.173752
CC(=O)C1OCC(C)O1,0,1,0,0,-17.72847,-63.321114
CC(=O)C1OCCCO1,0,1,0,0,-18.89049,-61.638004
CC(=O)C1OCOCO1,0,1,0,0,-18.704567,-62.32341
CC1(C)OCC(=O)CO1,0,1,0,0,-0.5169078,57.36171
CCC1OCC(=O)CO1,0,1,0,0,-50.758907,-1.8758438
COC1OCC(=O)CO1,0,1,0,0,-54.477966,1.7989657
CC1COC(=O)C1(C)C,0,1,0,0,-19.19242,54.69499
CCC1(C)CCOC1=O,0,1,0,0,-9.531868,63.082516
CC1(C)CCCOC1=O,0,1,0,0,-9.195588,61.98049
CC1(C)COCOC1=O,0,1,0,0,-9.568135,60.998905
CC1CC(C)(C)C(=O)O1,0,1,0,0,-22.673246,53.939598
CCC1(C)OCOC1=O,0,1,0,0,-6.653031,59.110466
COC1(C)CCOC1=O,0,1,0,0,-8.535679,62.911762
CC1(C)OCCOC1=O,0,1,0,0,-7.394758,59.9376
CC1OC(=O)C(C)(C)O1,0,1,0,0,-22.980343,53.30377
CC1C(=O)OCC1(C)C,0,1,0,0,-28.928593,55.188198
CC(C)C1CCOC1=O,0,1,0,0,-65.2682,32.66805
CC1CCOC(=O)C1C,0,1,0,0,-65.64872,30.632616
CC1OCOC(=O)C1C,0,1,0,0,-59.489483,23.558317
CCC1C(=O)OCC1C,0,1,0,0,-67.82062,28.242025
CCC1CCCOC1=O,0,1,0,0,-62.920265,36.150066
COC(=O)C1CCCC1,0,1,0,0,-6.7234178,-64.922485
CCC1COCOC1=O,0,1,0,0,-59.170876,36.716904
COC(=O)C1CCOC1,0,1,0,0,-7.58294,-63.99984
CC1OC(=O)C(C)C1C,0,1,0,0,-39.08263,8.174506
CCC1CC(C)OC1=O,0,1,0,0,-47.31911,13.063491
CC1CCC(C)C(=O)O1,0,1,0,0,-48.930584,13.696302
CCC1COC(=O)C1C,0,1,0,0,-67.64192,28.613811
CCCC1CCOC1=O,0,1,0,0,-63.810738,36.082993
CC1COC(=O)C(C)C1,0,1,0,0,-71.75902,18.56828
CC1OCC(C)C(=O)O1,0,1,0,0,-50.799442,13.556196
COC1COC(=O)C1C,0,1,0,0,-66.27904,27.886806
COCC1CCOC1=O,0,1,0,0,-63.96707,35.44228
CC1CC(C)(C)OC1=O,0,1,0,0,-24.546202,56.995773
CCC1CC(C)C(=O)O1,0,1,0,0,-48.11814,12.215551
COC1CC(C)C(=O)O1,0,1,0,0,-48.971146,12.545837
COC1(C)OCOC1=O,0,1,0,0,-5.981926,59.76554
CC(C)C1OCOC1=O,0,1,0,0,-58.10094,23.695309
COC1C(=O)OCC1C,0,1,0,0,-66.46701,27.575214
COC1CCCOC1=O,0,1,0,0,-60.98311,33.337845
CCC1OCCOC1=O,0,1,0,0,-60.458736,26.6359
COC(=O)C1CCCO1,0,1,0,0,-16.338484,-59.48354
CCC1OC(C)OC1=O,0,1,0,0,-38.478966,10.83783
CCCC1OCOC1=O,0,1,0,0,-59.88206,27.513927
COC1COCOC1=O,0,1,0,0,-58.528725,35.538364
COC(=O)C1COCO1,0,1,0,0,-12.328261,-60.591217
COCC1OCOC1=O,0,1,0,0,-59.437996,27.868555
COC1CC(C)OC1=O,0,1,0,0,-47.75657,13.99402
CC1COC(C)C(=O)O1,0,1,0,0,-51.706062,15.866515
CCOC1CCOC1=O,0,1,0,0,-61.854504,33.731304
CC1COC(=O)C(C)O1,0,1,0,0,-62.967716,23.743814
CC1OC(C)(C)OC1=O,0,1,0,0,-25.175282,55.611473
CCC1OC(=O)C(C)O1,0,1,0,0,-37.668076,10.059634
COC1OC(=O)C(C)O1,0,1,0,0,-36.95034,10.824478
CC1(C)CCOC(=O)C1,0,1,0,0,-4.132945,66.01001
CC1(C)CC(=O)OCO1,0,1,0,0,-3.834651,59.42315
CC1OC(=O)CC1(C)C,0,1,0,0,-26.553654,52.508385
CC1CC(=O)OC(C)C1,0,1,0,0,-44.37506,12.7419615
CCC1(C)COC(=O)C1,0,1,0,0,-3.6997721,67.23972
CC1COC(=O)CC1C,0,1,0,0,-68.56849,18.396849
CCC1CCOC(=O)C1,0,1,0,0,-68.41369,15.179579
CC1CC(=O)OC(C)O1,0,1,0,0,-42.933586,14.005135
CCC1CC(=O)OCO1,0,1,0,0,-59.064156,10.232315
COC1(C)COC(=O)C1,0,1,0,0,-2.882969,67.17293
COC1CCOC(=O)C1,0,1,0,0,-65.637184,16.28657
CC1CC(=O)OC1(C)C,0,1,0,0,-26.151289,51.386566
CC1(C)CCCC(=O)O1,0,1,0,0,2.7399712,63.093033
CCC1CC(=O)OC1C,0,1,0,0,-45.166656,5.2321954
CC1CCC(=O)OC1C,0,1,0,0,-62.26872,0.6096316
CCC1OC(=O)CC1C,0,1,0,0,-44.778847,5.459191
CCC1CCCC(=O)O1,0,1,0,0,-66.17553,1.2914872
COC1OC(=O)CC1C,0,1,0,0,-45.43406,6.804634
COC1CCCC(=O)O1,0,1,0,0,-64.423,4.3693223
CC(C)C1COC(=O)C1,0,1,0,0,-68.10677,19.165447
CC1(C)CCC(=O)OC1,0,1,0,0,-2.9167721,65.87513
CCCC1COC(=O)C1,0,1,0,0,-68.7605,14.0031395
CCC1CCC(=O)OC1,0,1,0,0,-69.81771,14.846942
COCC1COC(=O)C1,0,1,0,0,-68.433266,13.4412985
COC1CCC(=O)OC1,0,1,0,0,-64.47578,16.127506
COC1CC(=O)OCO1,0,1,0,0,-57.8797,10.827809
CC1(C)OCCC(=O)O1,0,1,0,0,2.0147538,59.772156
COC1CC(=O)OC1C,0,1,0,0,-45.8428,6.629809
CCC1OCCC(=O)O1,0,1,0,0,-52.450756,-2.1738966
COC1OCCC(=O)O1,0,1,0,0,-53.616615,0.17718756
CCOC1COC(=O)C1,0,1,0,0,-65.52202,15.005873
CCC1(C)CCC(=O)O1,0,1,0,0,2.148106,64.02438
COC1(C)CCC(=O)O1,0,1,0,0,1.7378529,63.028408
CC(C)C1CCC(=O)O1,0,1,0,0,-63.59676,0.02265055
CCCC1CCC(=O)O1,0,1,0,0,-66.96462,0.90656585
COCC1CCC(=O)O1,0,1,0,0,-67.45083,1.4897373
CCOC1CCC(=O)O1,0,1,0,0,-65.39655,4.051615
COC1OCCOC1=O,0,1,0,0,-56.61506,26.475735
COC(=O)C1OCCO1,0,1,0,0,-17.68005,-60.490852
COC1OC(C)OC1=O,0,1,0,0,-37.75974,11.564046
CCOC1OCOC1=O,0,1,0,0,-57.577854,26.759302
CC1(C)COCC(=O)O1,0,1,0,0,0.7545639,61.17779
CC1OCC(=O)OC1C,0,1,0,0,-51.29299,1.2653534
CCC1COCC(=O)O1,0,1,0,0,-64.80509,9.38712
COC1COCC(=O)O1,0,1,0,0,-64.66014,8.014523
CC1(C)COC(=O)CO1,0,1,0,0,-1.0071186,60.163765
CCC1COC(=O)CO1,0,1,0,0,-59.054657,6.712852
COC1COC(=O)CO1,0,1,0,0,-57.672634,8.296279
CCC1(C)OCC(=O)O1,0,1,0,0,2.0774915,58.343376
COC1(C)OCC(=O)O1,0,1,0,0,1.3230293,58.93908
CC(C)C1OCC(=O)O1,0,1,0,0,-50.390697,1.301123
CCCC1OCC(=O)O1,0,1,0,0,-51.562347,-2.929928
COCC1OCC(=O)O1,0,1,0,0,-51.47145,-3.5912702
CCOC1OCC(=O)O1,0,1,0,0,-54.943398,0.3002335
CC(=O)OC1CCCC1,0,1,0,0,-12.365772,-52.585438
CC(=O)OC1CCOC1,0,1,0,0,-12.233573,-52.573032
CC(=O)OC1CCCO1,0,1,0,0,-14.845384,-51.461006
CC(=O)OC1COCO1,0,1,0,0,-15.968731,-50.013348
CC(=O)OC1OCCO1,0,1,0,0,-14.739487,-51.895245
CC1(C)CCOC(=O)O1,0,1,0,0,-2.2697523,62.96972
CC1(C)OCOC(=O)O1,0,1,0,0,-3.3332753,61.309887
CC1OC(=O)OC1(C)C,0,1,0,0,-25.786163,52.29025
CC1CC(C)OC(=O)O1,0,1,0,0,-45.179455,12.351676
CCC1(C)COC(=O)O1,0,1,0,0,-1.0300678,63.886147
CC1COC(=O)OC1C,0,1,0,0,-71.82903,9.80006
CCC1CCOC(=O)O1,0,1,0,0,-71.328224,6.553425
CC1OC(=O)OC(C)O1,0,1,0,0,-40.16039,9.7650585
CCC1OCOC(=O)O1,0,1,0,0,-55.384624,-3.5972888
COC1(C)COC(=O)O1,0,1,0,0,-1.1117074,63.00083
COC1CCOC(=O)O1,0,1,0,0,-68.7027,7.698252
CCC1OC(=O)OC1C,0,1,0,0,-41.027145,8.045971
COC1OC(=O)OC1C,0,1,0,0,-41.512268,8.808788
CC(C)C1COC(=O)O1,0,1,0,0,-72.71939,9.057787
CC1(C)COC(=O)OC1,0,1,0,0,-2.3473332,64.74785
CCCC1COC(=O)O1,0,1,0,0,-71.71163,5.5381823
CCC1COC(=O)OC1,0,1,0,0,-70.46541,14.251816
COCC1COC(=O)O1,0,1,0,0,-71.34672,4.9834585
COC1COC(=O)OC1,0,1,0,0,-64.0094,15.638805
COC1OCOC(=O)O1,0,1,0,0,-56.049458,-2.7783444
CCOC1COC(=O)O1,0,1,0,0,-68.424835,6.7071342
